sample_alias,Richness,Shannon,Simpson,income_group,study_code
Brinch_2020_sewage_copenhagen.sample_DTU2016-1172-PRJ1066-RL-Sewage-85_S14_L001,8,1.5427007799767056,0.7074775849518178,High-income,Brinch_2020_sewage_copenhagen
Brinch_2020_sewage_copenhagen.sample_DTU2016-1497-PRJ1066-RL-Sewage-88_S10_L001,1,-0.0,0.0,High-income,Brinch_2020_sewage_copenhagen
Brinch_2020_sewage_copenhagen.sample_DTU2016-1499-PRJ1066-RL-Sewage-90_S12_L001,1,-0.0,0.0,High-income,Brinch_2020_sewage_copenhagen
Brinch_2020_sewage_copenhagen.sample_DTU2016-1501-PRJ1066-RL-Sewage-92_S14_L001,34,2.737115980846693,0.9095237683525446,High-income,Brinch_2020_sewage_copenhagen
Brinch_2020_sewage_copenhagen.sample_DTU2016-1601-PRJ1066-RD-Sewage-97_S1_L001,36,2.6371858593180386,0.8909818427343996,High-income,Brinch_2020_sewage_copenhagen
Brinch_2020_sewage_copenhagen.sample_DTU2016-1604-PRJ1066-RL-Sewage-100_S4_L001,43,2.648387580804573,0.897847568801198,High-income,Brinch_2020_sewage_copenhagen
Brinch_2020_sewage_copenhagen.sample_DTU2016-1605-PRJ1066-RD-Sewage-101_S5_L001,75,3.09038157304073,0.9304719699070606,High-income,Brinch_2020_sewage_copenhagen
Brinch_2020_sewage_copenhagen.sample_DTU2016-1606-PRJ1066-RL-Sewage-102_S6_L001,35,2.1522684007745836,0.7596082413526505,High-income,Brinch_2020_sewage_copenhagen
Brinch_2020_sewage_copenhagen.sample_DTU2016-1609-PRJ1066-RD-Sewage-104_S8_L001,78,2.9110064818130046,0.8997732453017718,High-income,Brinch_2020_sewage_copenhagen
Brinch_2020_sewage_copenhagen.sample_DTU2016-1610-PRJ1066-RA-Sewage-105_S9_L001,49,2.468228349251888,0.815315211728287,High-income,Brinch_2020_sewage_copenhagen
Brinch_2020_sewage_copenhagen.sample_DTU2016-1611-PRJ1066-RL-Sewage-106_S10_L001,84,3.0148300620491795,0.9186379722036647,High-income,Brinch_2020_sewage_copenhagen
Brinch_2020_sewage_copenhagen.sample_DTU2016-1612-PRJ1066-RL-Sewage-107_S11_L001,57,2.887187909899386,0.9065416314138004,High-income,Brinch_2020_sewage_copenhagen
Brinch_2020_sewage_copenhagen.sample_DTU2016-1613-PRJ1066-RD-Sewage-108_S12_L001,72,2.7415056839293435,0.8681793668540791,High-income,Brinch_2020_sewage_copenhagen
Brinch_2020_sewage_copenhagen.sample_DTU2016-1614-PRJ1066-RD-Sewage-31_S13_L001,143,3.4858577165187814,0.9187945352306514,High-income,Brinch_2020_sewage_copenhagen
Brinch_2020_sewage_copenhagen.sample_DTU2016-1615-PRJ1066-RL-Sewage-50_S14_L001,116,3.5394620192785764,0.9454357473756955,High-income,Brinch_2020_sewage_copenhagen
Brinch_2020_sewage_copenhagen.sample_DTU2016-1616-PRJ1066-RA-Sewage-8_S15_L001,116,3.353498540331564,0.9152518689613659,High-income,Brinch_2020_sewage_copenhagen
Brinch_2020_sewage_copenhagen.sample_DTU2016-1617-PRJ1066-RL-Sewage-49_S16_L001,97,3.1126790949173784,0.9018261075136751,High-income,Brinch_2020_sewage_copenhagen
Brinch_2020_sewage_copenhagen.sample_DTU2016-1646-PRJ1066-RD-Sewage-109_S1_L001,58,2.3747502832137557,0.8014758121951694,High-income,Brinch_2020_sewage_copenhagen
Brinch_2020_sewage_copenhagen.sample_DTU2016-1647-PRJ1066-RL-Sewage-110_S2_L001,103,3.1107769086549357,0.9240923007842886,High-income,Brinch_2020_sewage_copenhagen
Brinch_2020_sewage_copenhagen.sample_DTU2016-1648-PRJ1066-RA-Sewage-111_S3_L001,71,3.1151999474491787,0.9227442094175337,High-income,Brinch_2020_sewage_copenhagen
Brinch_2020_sewage_copenhagen.sample_DTU2016-1649-PRJ1066-RD-Sewage-112_S4_L001,81,2.6937513451527235,0.8758714460236057,High-income,Brinch_2020_sewage_copenhagen
Brinch_2020_sewage_copenhagen.sample_DTU2016-1650-PRJ1066-RL-Sewage-113_S5_L001,87,2.8700529046158585,0.9035292029989855,High-income,Brinch_2020_sewage_copenhagen
Brinch_2020_sewage_copenhagen.sample_DTU2016-1651-PRJ1066-RD-Sewage-114_S6_L001,87,2.9608014518947305,0.9178155604878429,High-income,Brinch_2020_sewage_copenhagen
Brinch_2020_sewage_copenhagen.sample_DTU2016-1652-PRJ1066-RL-Sewage-115_S7_L001,92,3.0872009209313025,0.9230870301787479,High-income,Brinch_2020_sewage_copenhagen
Brinch_2020_sewage_copenhagen.sample_DTU2016-1653-PRJ1066-RA-Sewage-116_S8_L001,71,3.0665636295232184,0.91860882589806,High-income,Brinch_2020_sewage_copenhagen
Brinch_2020_sewage_copenhagen.sample_DTU2016-1654-PRJ1066-RL-Sewage-117_S9_L001,109,3.2661552968345484,0.9318459437913509,High-income,Brinch_2020_sewage_copenhagen
Brinch_2020_sewage_copenhagen.sample_DTU2016-1655-PRJ1066-RD-Sewage-118_S10_L001,92,3.080349793533838,0.9286023683650799,High-income,Brinch_2020_sewage_copenhagen
Brinch_2020_sewage_copenhagen.sample_DTU2016-1656-PRJ1066-RL-Sewage-119_S11_L001,114,3.300414553437367,0.9285957637214596,High-income,Brinch_2020_sewage_copenhagen
Brinch_2020_sewage_copenhagen.sample_DTU2016-1657-PRJ1066-RD-Sewage-120_S12_L001,87,3.075789833732581,0.921659047168022,High-income,Brinch_2020_sewage_copenhagen
Brinch_2020_sewage_copenhagen.sample_DTU2016-1658-PRJ1066-RL-Sewage-121_S13_L001,104,3.00672939317279,0.8837584282659676,High-income,Brinch_2020_sewage_copenhagen
Brinch_2020_sewage_copenhagen.sample_DTU2016-1659-PRJ1066-RD-Sewage-122_S14_L001,101,3.144865377443487,0.9179002374323572,High-income,Brinch_2020_sewage_copenhagen
Brinch_2020_sewage_copenhagen.sample_DTU2016-1663-PRJ1066-RL-Sewage-98_S18_L001,88,3.1558367219378174,0.9160320083635523,High-income,Brinch_2020_sewage_copenhagen
Brinch_2020_sewage_copenhagen.sample_DTU2016-1664-PRJ1066-RA-Sewage-99_S19_L001,75,3.0426178706407225,0.8970414855521684,High-income,Brinch_2020_sewage_copenhagen
Brinch_2020_sewage_copenhagen.sample_DTU2016-1759-PRJ1066-123-RA-123_S1_L001,26,2.482130582221814,0.856901056259,High-income,Brinch_2020_sewage_copenhagen
Brinch_2020_sewage_copenhagen.sample_DTU2016-1760-PRJ1066-124-RA-124_S2_L001,35,2.6799710372490915,0.9070454120037134,High-income,Brinch_2020_sewage_copenhagen
Brinch_2020_sewage_copenhagen.sample_DTU2016-1761-PRJ1066-125-RD-125_S3_L001,37,2.5374916459839643,0.87665934296686,High-income,Brinch_2020_sewage_copenhagen
Brinch_2020_sewage_copenhagen.sample_DTU2016-1764-PRJ1066-Metagenome-RD-30_S6_L001,53,2.6761332891651883,0.8442604689189653,High-income,Brinch_2020_sewage_copenhagen
Brinch_2020_sewage_copenhagen.sample_DTU2016-1765-PRJ1066-Metagenome-RD-29_S7_L001,32,2.1525484106512023,0.7797250651281495,High-income,Brinch_2020_sewage_copenhagen
Brinch_2020_sewage_copenhagen.sample_DTU2016-1766-PRJ1066-Metagenome-RL-48_S8_L001,53,2.7737627845354487,0.8901605011061992,High-income,Brinch_2020_sewage_copenhagen
Brinch_2020_sewage_copenhagen.sample_DTU2016-1767-PRJ1066-Metagenome-RL-46_S9_L001,49,2.681383093084896,0.878682159282812,High-income,Brinch_2020_sewage_copenhagen
Brinch_2020_sewage_copenhagen.sample_DTU2016-1768-PRJ1066-Metagenome-RD-27_S10_L001,68,2.8559341609808504,0.8714231715055608,High-income,Brinch_2020_sewage_copenhagen
Brinch_2020_sewage_copenhagen.sample_DTU2016-1769-PRJ1066-Metagenome-RA-6_S11_L001,31,2.27155114637724,0.8135826843453489,High-income,Brinch_2020_sewage_copenhagen
Brinch_2020_sewage_copenhagen.sample_DTU2016-1770-PRJ1066-Metagenome-RD-26_S12_L001,62,2.78163520285204,0.8714032698306373,High-income,Brinch_2020_sewage_copenhagen
Brinch_2020_sewage_copenhagen.sample_DTU2016-1771-PRJ1066-Metagenome-RA-5,37,2.4845143504942278,0.8605618137415391,High-income,Brinch_2020_sewage_copenhagen
Brinch_2020_sewage_copenhagen.sample_DTU2016-1772-PRJ1066-Metagenome-RD-25_S14_L001,41,2.577575278568259,0.8566225913872534,High-income,Brinch_2020_sewage_copenhagen
Brinch_2020_sewage_copenhagen.sample_DTU2016-1773-PRJ1066-Metagenome-RL-45_S15_L001,30,2.41378059605887,0.8634891779692272,High-income,Brinch_2020_sewage_copenhagen
Brinch_2020_sewage_copenhagen.sample_DTU2016-1774-PRJ1066-Metagenome-RL-44_S16_L001,38,2.445439048599006,0.8567161680327011,High-income,Brinch_2020_sewage_copenhagen
Brinch_2020_sewage_copenhagen.sample_DTU2017-1101-PRJ1066-CPH-Sewage-127,351,4.220237031491456,0.9622264697265627,High-income,Brinch_2020_sewage_copenhagen
Brinch_2020_sewage_copenhagen.sample_DTU2017-1102-PRJ1066-CPH-Sewage-128,369,3.8232068290992,0.941801439345368,High-income,Brinch_2020_sewage_copenhagen
Brinch_2020_sewage_copenhagen.sample_DTU2017-1104-PRJ1066-CPH-Sewage-130,365,4.294811069385842,0.9664523807378294,High-income,Brinch_2020_sewage_copenhagen
Brinch_2020_sewage_copenhagen.sample_DTU2017-1105-PRJ1066-CPH-Sewage-131,283,3.9875141740146796,0.955860769803354,High-income,Brinch_2020_sewage_copenhagen
Brinch_2020_sewage_copenhagen.sample_DTU2017-1106-PRJ1066-CPH-Sewage-132,231,3.6829291596512537,0.9390876934909517,High-income,Brinch_2020_sewage_copenhagen
Brinch_2020_sewage_copenhagen.sample_DTU2017-1107-PRJ1066-CPH-Sewage-133,173,3.7407250995863723,0.9554717546542727,High-income,Brinch_2020_sewage_copenhagen
Brinch_2020_sewage_copenhagen.sample_DTU2017-1108-PRJ1066-CPH-Sewage-134,385,3.871876886501883,0.9374302352488372,High-income,Brinch_2020_sewage_copenhagen
Brinch_2020_sewage_copenhagen.sample_DTU2017-1109-PRJ1066-CPH-Sewage-135,349,4.102713523038384,0.9598311177167517,High-income,Brinch_2020_sewage_copenhagen
Brinch_2020_sewage_copenhagen.sample_DTU2017-1110-PRJ1066-CPH-Sewage-136,395,3.6963546950234236,0.9218060152524707,High-income,Brinch_2020_sewage_copenhagen
Brinch_2020_sewage_copenhagen.sample_DTU2017-1112-PRJ1066-CPH-Sewage-138,229,3.690192218378634,0.9426720354580627,High-income,Brinch_2020_sewage_copenhagen
Brinch_2020_sewage_copenhagen.sample_DTU2017-1113-PRJ1066-CPH-Sewage-139,246,3.816578540200394,0.9510805137492692,High-income,Brinch_2020_sewage_copenhagen
Brinch_2020_sewage_copenhagen.sample_DTU2017-1114-PRJ1066-CPH-Sewage-140,231,3.9297269580054435,0.9579379826199187,High-income,Brinch_2020_sewage_copenhagen
Brinch_2020_sewage_copenhagen.sample_DTU2017-1115-PRJ1066-CPH-Sewage-141,392,4.046513643821498,0.953778495918906,High-income,Brinch_2020_sewage_copenhagen
Brinch_2020_sewage_copenhagen.sample_DTU2017-1116-PRJ1066-CPH-Sewage-142,394,3.879210849897902,0.9357408054955453,High-income,Brinch_2020_sewage_copenhagen
Brinch_2020_sewage_copenhagen.sample_DTU2017-1119-PRJ1066-CPH-Sewage-145,388,4.457438322594209,0.9691373692499713,High-income,Brinch_2020_sewage_copenhagen
Brinch_2020_sewage_copenhagen.sample_DTU2017-1120-PRJ1066-CPH-Sewage-146,375,4.32915440522132,0.9627418079595169,High-income,Brinch_2020_sewage_copenhagen
Brinch_2020_sewage_copenhagen.sample_DTU2017-1121-PRJ1066-CPH-Sewage-147,406,4.0097698575983065,0.9414641060589787,High-income,Brinch_2020_sewage_copenhagen
Brinch_2020_sewage_copenhagen.sample_DTU2017-1122-PRJ1066-CPH-Sewage-148,387,4.0168642945936295,0.9528069763018816,High-income,Brinch_2020_sewage_copenhagen
Brinch_2020_sewage_copenhagen.sample_DTU2017-1123-PRJ1066-CPH-Sewage-149,393,4.324513517133003,0.96461305100124,High-income,Brinch_2020_sewage_copenhagen
Brinch_2020_sewage_copenhagen.sample_DTU2017-1124-PRJ1066-CPH-Sewage-150,379,3.9992669998329182,0.9508311786469134,High-income,Brinch_2020_sewage_copenhagen
Brinch_2020_sewage_copenhagen.sample_DTU2017-1125-PRJ1066-CPH-Sewage-151,378,4.279813052615485,0.9625109371964145,High-income,Brinch_2020_sewage_copenhagen
Brinch_2020_sewage_copenhagen.sample_DTU2017-1126-PRJ1066-CPH-Sewage-152,364,4.065770254593604,0.9517197641666867,High-income,Brinch_2020_sewage_copenhagen
Brinch_2020_sewage_copenhagen.sample_DTU2017-1127-PRJ1066-CPH-Sewage-153,388,4.418316041096453,0.970394433026126,High-income,Brinch_2020_sewage_copenhagen
Brinch_2020_sewage_copenhagen.sample_DTU2017-1128-PRJ1066-CPH-Sewage-154,394,4.0502246022625155,0.9501696852261007,High-income,Brinch_2020_sewage_copenhagen
Brinch_2020_sewage_copenhagen.sample_DTU2017-1130-PRJ1066-CPH-Sewage-156,395,4.273885635841171,0.9602907371346247,High-income,Brinch_2020_sewage_copenhagen
Brinch_2020_sewage_copenhagen.sample_DTU2017-1131-PRJ1066-CPH-Sewage-157,394,4.221359087192361,0.9535547432362604,High-income,Brinch_2020_sewage_copenhagen
Brinch_2020_sewage_copenhagen.sample_DTU2017-1133-PRJ1066-CPH-Sewage-159,389,4.182858754166874,0.9623829157984554,High-income,Brinch_2020_sewage_copenhagen
Brinch_2020_sewage_copenhagen.sample_DTU2017-1134-PRJ1066-CPH-Sewage-160,385,4.062259078723096,0.9526036989371507,High-income,Brinch_2020_sewage_copenhagen
Brinch_2020_sewage_copenhagen.sample_DTU2017-1135-PRJ1066-CPH-Sewage-161,372,4.5036187300591175,0.9688281566918239,High-income,Brinch_2020_sewage_copenhagen
Brinch_2020_sewage_copenhagen.sample_DTU2017-1136-PRJ1066-CPH-Sewage-162,377,4.271217073677883,0.9628474990597545,High-income,Brinch_2020_sewage_copenhagen
Brinch_2020_sewage_copenhagen.sample_DTU2017-1137-PRJ1066-CPH-Sewage-163,389,3.6913691227794025,0.9249201717264421,High-income,Brinch_2020_sewage_copenhagen
Brinch_2020_sewage_copenhagen.sample_DTU2017-1138-PRJ1066-CPH-Sewage-164,242,3.4545507839330276,0.9151737089037085,High-income,Brinch_2020_sewage_copenhagen
Brinch_2020_sewage_copenhagen.sample_DTU2017-1139-PRJ1066-CPH-Sewage-165,408,4.163089401222568,0.9605366042964474,High-income,Brinch_2020_sewage_copenhagen
Brinch_2020_sewage_copenhagen.sample_DTU2017-1140-PRJ1066-CPH-Sewage-166,409,4.120857702378627,0.9538586159484878,High-income,Brinch_2020_sewage_copenhagen
Brinch_2020_sewage_copenhagen.sample_DTU2017-1141-PRJ1066-CPH-Sewage-167,394,4.1663756343989915,0.947776267194431,High-income,Brinch_2020_sewage_copenhagen
Brinch_2020_sewage_copenhagen.sample_DTU2017-1142-PRJ1066-CPH-Sewage-168,337,4.070311336165776,0.9490235746549196,High-income,Brinch_2020_sewage_copenhagen
Brinch_2020_sewage_copenhagen.sample_DTU2017-1143-PRJ1066-CPH-Sewage-169,200,3.557676601657002,0.9283629030302673,High-income,Brinch_2020_sewage_copenhagen
Brinch_2020_sewage_copenhagen.sample_DTU2017-1144-PRJ1066-CPH-Sewage-170,216,3.77835591217822,0.9451519986344395,High-income,Brinch_2020_sewage_copenhagen
Brinch_2020_sewage_copenhagen.sample_DTU2017-1145-PRJ1066-CPH-Sewage-171,197,3.61901772334497,0.9350991358541523,High-income,Brinch_2020_sewage_copenhagen
Brinch_2020_sewage_copenhagen.sample_DTU2017-1146-PRJ1066-CPH-Sewage-172,271,3.581582536287824,0.9165555330148096,High-income,Brinch_2020_sewage_copenhagen
Brinch_2020_sewage_copenhagen.sample_DTU2017-1147-PRJ1066-CPH-Sewage-173,356,3.9344246356990373,0.9447716389500007,High-income,Brinch_2020_sewage_copenhagen
Brinch_2020_sewage_copenhagen.sample_DTU2017-1148-PRJ1066-CPH-Sewage-174,356,4.169925380508351,0.9598326200658839,High-income,Brinch_2020_sewage_copenhagen
Brinch_2020_sewage_copenhagen.sample_DTU2017-1149-PRJ1066-CPH-Sewage-175,223,3.415813217438337,0.9112757226113104,High-income,Brinch_2020_sewage_copenhagen
Brinch_2020_sewage_copenhagen.sample_DTU2017-1150-PRJ1066-CPH-Sewage-176,338,3.975628188521305,0.9484018267960028,High-income,Brinch_2020_sewage_copenhagen
Brinch_2020_sewage_copenhagen.sample_DTU2017-1274-PRJ1066-CPH-Sewage-129,373,4.273832804487176,0.9640896180253801,High-income,Brinch_2020_sewage_copenhagen
Brinch_2020_sewage_copenhagen.sample_DTU2017-1276-PRJ1066-CPH-Sewage-136,287,3.375784406693671,0.9078016519853581,High-income,Brinch_2020_sewage_copenhagen
Brinch_2020_sewage_copenhagen.sample_DTU2017-1277-PRJ1066-CPH-Sewage-137,290,2.8778731491578853,0.8174972125358517,High-income,Brinch_2020_sewage_copenhagen
Brinch_2020_sewage_copenhagen.sample_DTU2017-1279-PRJ1066-CPH-Sewage-144,341,3.8661865090349177,0.9472548789921428,High-income,Brinch_2020_sewage_copenhagen
Brinch_2020_sewage_copenhagen.sample_DTU2017-1281-PRJ1066-CPH-Sewage-140rerun,333,4.090609968663905,0.9616956948228317,High-income,Brinch_2020_sewage_copenhagen
Brinch_2020_sewage_copenhagen.sample_DTU2017-1282-PRJ1066-CPH-Sewage-155rerun,386,4.021033546033269,0.9528700091681608,High-income,Brinch_2020_sewage_copenhagen
Brinch_2020_sewage_copenhagen.sample_DTU2017-1283-PRJ1066-CPH-Sewage-12,368,4.1388308405488585,0.9574229189212223,High-income,Brinch_2020_sewage_copenhagen
Brinch_2020_sewage_copenhagen.sample_DTU2017-1284-PRJ1066-CPH-Sewage-14,274,3.74981745857447,0.9243783723519642,High-income,Brinch_2020_sewage_copenhagen
Brinch_2020_sewage_copenhagen.sample_DTU2017-1285-PRJ1066-CPH-Sewage-15,341,3.908973383737177,0.9405611352916291,High-income,Brinch_2020_sewage_copenhagen
Brinch_2020_sewage_copenhagen.sample_DTU2017-1286-PRJ1066-CPH-Sewage-16,334,3.8220363028041673,0.9338012408596612,High-income,Brinch_2020_sewage_copenhagen
Brinch_2020_sewage_copenhagen.sample_DTU2017-1287-PRJ1066-CPH-Sewage-17,353,4.059136266162971,0.9468354181116106,High-income,Brinch_2020_sewage_copenhagen
Brinch_2020_sewage_copenhagen.sample_DTU2017-1288-PRJ1066-CPH-Sewage-18,358,4.080454085769466,0.9407774897860145,High-income,Brinch_2020_sewage_copenhagen
Brinch_2020_sewage_copenhagen.sample_DTU2017-1289-PRJ1066-CPH-Sewage-19,371,4.12160702611153,0.949550560207951,High-income,Brinch_2020_sewage_copenhagen
Brinch_2020_sewage_copenhagen.sample_DTU2017-1290-PRJ1066-CPH-Sewage-20,306,3.6946845499786978,0.9202040420577502,High-income,Brinch_2020_sewage_copenhagen
Brinch_2020_sewage_copenhagen.sample_DTU2017-1291-PRJ1066-CPH-Sewage-21,208,3.335218150731233,0.9188398411376789,High-income,Brinch_2020_sewage_copenhagen
Brinch_2020_sewage_copenhagen.sample_DTU2017-1292-PRJ1066-CPH-Sewage-22,381,4.191460197786201,0.9488793707470696,High-income,Brinch_2020_sewage_copenhagen
Brinch_2020_sewage_copenhagen.sample_DTU2017-1293-PRJ1066-CPH-Sewage-23,326,3.400704651766797,0.8753617783975416,High-income,Brinch_2020_sewage_copenhagen
Brinch_2020_sewage_copenhagen.sample_DTU2017-1294-PRJ1066-CPH-Sewage-24,360,3.734734623270946,0.900428542059705,High-income,Brinch_2020_sewage_copenhagen
Brinch_2020_sewage_copenhagen.sample_DTU2017-1295-PRJ1066-CPH-Sewage-33,388,4.171905062666853,0.9551851483727573,High-income,Brinch_2020_sewage_copenhagen
Brinch_2020_sewage_copenhagen.sample_DTU2017-1296-PRJ1066-CPH-Sewage-34,376,4.176370782965456,0.9552083198142256,High-income,Brinch_2020_sewage_copenhagen
Brinch_2020_sewage_copenhagen.sample_DTU2017-1297-PRJ1066-CPH-Sewage-35,375,4.136774414094137,0.9510795113848685,High-income,Brinch_2020_sewage_copenhagen
Brinch_2020_sewage_copenhagen.sample_DTU2017-1298-PRJ1066-CPH-Sewage-36,371,3.785279778022961,0.9315392607002643,High-income,Brinch_2020_sewage_copenhagen
Brinch_2020_sewage_copenhagen.sample_DTU2017-1299-PRJ1066-CPH-Sewage-37,385,4.00707868686492,0.9381564072173464,High-income,Brinch_2020_sewage_copenhagen
Brinch_2020_sewage_copenhagen.sample_DTU2017-1300-PRJ1066-CPH-Sewage-38,386,3.6943326673055283,0.9282892783573098,High-income,Brinch_2020_sewage_copenhagen
Brinch_2020_sewage_copenhagen.sample_DTU2017-1301-PRJ1066-CPH-Sewage-39,394,3.9607177534483196,0.944034008634202,High-income,Brinch_2020_sewage_copenhagen
Brinch_2020_sewage_copenhagen.sample_DTU2017-1302-PRJ1066-CPH-Sewage-40,343,3.9701107018720863,0.9426241959203451,High-income,Brinch_2020_sewage_copenhagen
Brinch_2020_sewage_copenhagen.sample_DTU2017-1303-PRJ1066-CPH-Sewage-41,382,4.20291263202764,0.9581529095426817,High-income,Brinch_2020_sewage_copenhagen
Brinch_2020_sewage_copenhagen.sample_DTU2017-1304-PRJ1066-CPH-Sewage-42,331,3.6878244689119732,0.9211169846226407,High-income,Brinch_2020_sewage_copenhagen
Brinch_2020_sewage_copenhagen.sample_DTU2017-188-PRJ1066-RL-Sewage-177_S1_L001,179,3.3799015919046846,0.9348089319804173,High-income,Brinch_2020_sewage_copenhagen
Brinch_2020_sewage_copenhagen.sample_DTU2017-189-PRJ1066-RL-Sewage-181_S2_L001,221,3.8740368323743173,0.9511060897069546,High-income,Brinch_2020_sewage_copenhagen
Brinch_2020_sewage_copenhagen.sample_DTU2017-190-PRJ1066-RL-Sewage-190_S3_L001,248,4.00881257872245,0.9613467760448803,High-income,Brinch_2020_sewage_copenhagen
Brinch_2020_sewage_copenhagen.sample_DTU2017-191-PRJ1066-RD-Sewage-191_S4_L001,233,3.9408967274569866,0.9595397908508984,High-income,Brinch_2020_sewage_copenhagen
Brinch_2020_sewage_copenhagen.sample_DTU2017-192-PRJ1066-RL-Sewage-192_S5_L001,234,3.66583817886704,0.9448464194631511,High-income,Brinch_2020_sewage_copenhagen
Brinch_2020_sewage_copenhagen.sample_DTU2017-193-PRJ1066-RD-Sewage-193_S6_L001,168,3.290190957176997,0.9067411923352378,High-income,Brinch_2020_sewage_copenhagen
Brinch_2020_sewage_copenhagen.sample_DTU2017-195-PRJ1066-RL-Sewage-194_S2_L001,194,3.7499769408921004,0.9495872976056093,High-income,Brinch_2020_sewage_copenhagen
Brinch_2020_sewage_copenhagen.sample_DTU2017-196-PRJ1066-RD-Sewage-195_S3_L001,189,3.67855156056204,0.9423119188942101,High-income,Brinch_2020_sewage_copenhagen
Brinch_2020_sewage_copenhagen.sample_DTU2017-197-PRJ1066-RA-Sewage-196_S4_L001,79,2.5282146059203288,0.783589793000294,High-income,Brinch_2020_sewage_copenhagen
Brinch_2020_sewage_copenhagen.sample_DTU2017-198-PRJ1066-RA-Sewage-197_S5_L001,113,2.8601694280056287,0.8185263523584089,High-income,Brinch_2020_sewage_copenhagen
Brinch_2020_sewage_copenhagen.sample_DTU2017-199-PRJ1066-RD-Sewage-198_S6_L001,131,2.9241164310567793,0.833292226831875,High-income,Brinch_2020_sewage_copenhagen
Brinch_2020_sewage_copenhagen.sample_DTU2017-20-PRJ1066-RL-Sewage-178_S1_L001,215,3.6642246876853024,0.945860342867584,High-income,Brinch_2020_sewage_copenhagen
Brinch_2020_sewage_copenhagen.sample_DTU2017-200-PRJ1066-RL-Sewage-199_S7_L001,123,2.889062084282667,0.8542946650336528,High-income,Brinch_2020_sewage_copenhagen
Brinch_2020_sewage_copenhagen.sample_DTU2017-21-PRJ1066-RA-Sewage-179_S2_L001,181,3.4338721987499063,0.9172136148763352,High-income,Brinch_2020_sewage_copenhagen
Brinch_2020_sewage_copenhagen.sample_DTU2017-22-PRJ1066-RD-Sewage-180_S3_L001,267,3.9168220042520683,0.9477733307063829,High-income,Brinch_2020_sewage_copenhagen
Brinch_2020_sewage_copenhagen.sample_DTU2017-23-PRJ1066-RL-Sewage-181_S4_L001,7,1.0823281838491556,0.48506127550551026,High-income,Brinch_2020_sewage_copenhagen
Brinch_2020_sewage_copenhagen.sample_DTU2017-24-PRJ1066-RD-Sewage-182_S5_L001,258,3.919086052879136,0.9512916761189011,High-income,Brinch_2020_sewage_copenhagen
Brinch_2020_sewage_copenhagen.sample_DTU2017-25-PRJ1066-RA-Sewage-183_S6_L001,220,3.8160705023903176,0.9494549863734671,High-income,Brinch_2020_sewage_copenhagen
Brinch_2020_sewage_copenhagen.sample_DTU2017-26-PRJ1066-RD-Sewage-184_S1_L001,179,3.761213597429358,0.9512882898213114,High-income,Brinch_2020_sewage_copenhagen
Brinch_2020_sewage_copenhagen.sample_DTU2017-27-PRJ1066-RL-Sewage-185_S2_L001,180,3.5269281163766655,0.9400836572627449,High-income,Brinch_2020_sewage_copenhagen
Brinch_2020_sewage_copenhagen.sample_DTU2017-28-PRJ1066-RD-Sewage-186_S3_L001,199,3.719523339141934,0.9458505367418675,High-income,Brinch_2020_sewage_copenhagen
Brinch_2020_sewage_copenhagen.sample_DTU2017-289-PRJ1066-RD-Sewage-200_S1_L001,155,3.6453914177288045,0.9396636547815291,High-income,Brinch_2020_sewage_copenhagen
Brinch_2020_sewage_copenhagen.sample_DTU2017-29-PRJ1066-RL-Sewage-187_S4_L001,150,3.629805341052802,0.9508580660672077,High-income,Brinch_2020_sewage_copenhagen
Brinch_2020_sewage_copenhagen.sample_DTU2017-290-PRJ1066-RL-Sewage-201_S2_L001,256,3.987824542759134,0.957558266907339,High-income,Brinch_2020_sewage_copenhagen
Brinch_2020_sewage_copenhagen.sample_DTU2017-291-PRJ1066-RD-Sewage-202_S3_L001,214,4.036064037847109,0.9599449227120629,High-income,Brinch_2020_sewage_copenhagen
Brinch_2020_sewage_copenhagen.sample_DTU2017-292-PRJ1066-RD-Sewage-203_S4_L001,196,3.79014779950447,0.9480255371788351,High-income,Brinch_2020_sewage_copenhagen
Brinch_2020_sewage_copenhagen.sample_DTU2017-293-PRJ1066-RL-Sewage-204_S5_L001,165,3.5738738324937236,0.9406571518639287,High-income,Brinch_2020_sewage_copenhagen
Brinch_2020_sewage_copenhagen.sample_DTU2017-294-PRJ1066-RD-Sewage-205_S6_L001,260,3.713540607422706,0.9300247621355726,High-income,Brinch_2020_sewage_copenhagen
Brinch_2020_sewage_copenhagen.sample_DTU2017-296-PRJ1066-RA-Sewage-207_S2_L001,189,3.6899024854305122,0.9430120032729677,High-income,Brinch_2020_sewage_copenhagen
Brinch_2020_sewage_copenhagen.sample_DTU2017-297-PRJ1066-RL-Sewage-208_S3_L001,253,3.692531384958891,0.941362085796409,High-income,Brinch_2020_sewage_copenhagen
Brinch_2020_sewage_copenhagen.sample_DTU2017-298-PRJ1066-RD-Sewage-209_S4_L001,224,3.800272458085245,0.9462977852343312,High-income,Brinch_2020_sewage_copenhagen
Brinch_2020_sewage_copenhagen.sample_DTU2017-299-PRJ1066-RL-Sewage-210_S5_L001,281,3.86580954652767,0.950517046332544,High-income,Brinch_2020_sewage_copenhagen
Brinch_2020_sewage_copenhagen.sample_DTU2017-30-PRJ1066-RD-Sewage-188_S5_L001,222,3.710585852883093,0.9384336684898786,High-income,Brinch_2020_sewage_copenhagen
Brinch_2020_sewage_copenhagen.sample_DTU2017-300-PRJ1066-RA-Sewage-211_S6_L001,171,3.6156272633901274,0.9369685062162216,High-income,Brinch_2020_sewage_copenhagen
Brinch_2020_sewage_copenhagen.sample_DTU2017-31-PRJ1066-RL-Sewage-189_S6_L001,272,3.982379002286219,0.9572362272056326,High-income,Brinch_2020_sewage_copenhagen
Brinch_2020_sewage_copenhagen.sample_DTU2017-540-PRJ1066-RD-Sewage-212_S1_L001,33,2.5363041893752274,0.87354974830776,High-income,Brinch_2020_sewage_copenhagen
Brinch_2020_sewage_copenhagen.sample_DTU2017-541-PRJ1066-RD-Sewage-213_S2_L001,27,2.330004260944504,0.85454912031798,High-income,Brinch_2020_sewage_copenhagen
Brinch_2020_sewage_copenhagen.sample_DTU2017-542-PRJ1066-RD-Sewage-214_S3_L001,28,1.5849450819677469,0.5651982687005599,High-income,Brinch_2020_sewage_copenhagen
Brinch_2020_sewage_copenhagen.sample_DTU2017-543-PRJ1066-RD-Sewage-215_S4_L001,48,2.7776908852244104,0.8971361937483,High-income,Brinch_2020_sewage_copenhagen
Brinch_2020_sewage_copenhagen.sample_DTU2017-544-PRJ1066-RD-Sewage-216_S5_L001,38,2.5414119719027988,0.8713204819721507,High-income,Brinch_2020_sewage_copenhagen
Brinch_2020_sewage_copenhagen.sample_DTU2017-545-PRJ1066-RA-Sewage-217_S6_L001,34,2.324563018281928,0.8499042794653406,High-income,Brinch_2020_sewage_copenhagen
Brinch_2020_sewage_copenhagen.sample_DTU2017-582-PRJ1066-RL-Sewage-218_S1_L001,237,3.9922661728793156,0.959785071120542,High-income,Brinch_2020_sewage_copenhagen
Brinch_2020_sewage_copenhagen.sample_DTU2017-583-PRJ1066-RL-Sewage-219_S2_L001,106,3.5346520373397485,0.9477386365532345,High-income,Brinch_2020_sewage_copenhagen
Brinch_2020_sewage_copenhagen.sample_DTU2017-584-PRJ1066-RL-Sewage-220_S3_L001,191,3.838287356877597,0.9545179881994729,High-income,Brinch_2020_sewage_copenhagen
Brinch_2020_sewage_copenhagen.sample_DTU2017-585-PRJ1066-RL-Sewage-221_S4_L001,305,4.210151626534815,0.9656895785562035,High-income,Brinch_2020_sewage_copenhagen
Brinch_2020_sewage_copenhagen.sample_DTU2017-586-PRJ1066-RA-Sewage-3_S5_L001,165,3.37847611923144,0.9100400611436332,High-income,Brinch_2020_sewage_copenhagen
Brinch_2020_sewage_copenhagen.sample_DTU2017-587-PRJ1066-RA-Sewage-4_S6_L001,175,3.5273778041959876,0.9219766186944489,High-income,Brinch_2020_sewage_copenhagen
Brinch_2020_sewage_copenhagen.sample_DTU2018-100-PRJ1066-RL-CPH-Sewage-252,302,3.699568714856829,0.9367246450057132,High-income,Brinch_2020_sewage_copenhagen
Brinch_2020_sewage_copenhagen.sample_DTU2018-101-PRJ1066-CPH-Sewage-227,375,3.923927019174978,0.9153863203927278,High-income,Brinch_2020_sewage_copenhagen
Brinch_2020_sewage_copenhagen.sample_DTU2018-1597-PRJ1066-RL-CPH-Sewage-316,375,4.164073729090823,0.9581027006007973,High-income,Brinch_2020_sewage_copenhagen
Brinch_2020_sewage_copenhagen.sample_DTU2018-1601-PRJ1066-RA-CPH-Sewage-254,149,3.3752941038893836,0.9336289070232872,High-income,Brinch_2020_sewage_copenhagen
Brinch_2020_sewage_copenhagen.sample_DTU2018-1602-PRJ1066-RA-CPH-Sewage-312,357,3.9883452143214515,0.952681640148193,High-income,Brinch_2020_sewage_copenhagen
Brinch_2020_sewage_copenhagen.sample_DTU2018-1605-PRJ1066-RD-CPH-Sewage-249,41,1.7352165628111305,0.6664940768428104,High-income,Brinch_2020_sewage_copenhagen
Brinch_2020_sewage_copenhagen.sample_DTU2018-1606-PRJ1066-RD-CPH-Sewage-250,382,4.11932115100544,0.9601886536845002,High-income,Brinch_2020_sewage_copenhagen
Brinch_2020_sewage_copenhagen.sample_DTU2018-1607-PRJ1066-RD-CPH-Sewage-251,43,1.9652573404930715,0.7869778438927894,High-income,Brinch_2020_sewage_copenhagen
Brinch_2020_sewage_copenhagen.sample_DTU2018-1608-PRJ1066-RD-CPH-Sewage-315,359,3.97265877506501,0.9453891995072423,High-income,Brinch_2020_sewage_copenhagen
Brinch_2020_sewage_copenhagen.sample_DTU2018-1614-PRJ1066-RA-CPH-ReSewage-274,201,3.5594857188799187,0.9312668520758652,High-income,Brinch_2020_sewage_copenhagen
Brinch_2020_sewage_copenhagen.sample_DTU2018-1615-PRJ1066-RA-CPH-ReSewage-300,358,3.929527585673945,0.9504147377540627,High-income,Brinch_2020_sewage_copenhagen
Brinch_2020_sewage_copenhagen.sample_DTU2018-1619-PRJ1066-RL-CPH-ReSewage-234,324,3.6965711571898754,0.9218769214002629,High-income,Brinch_2020_sewage_copenhagen
Brinch_2020_sewage_copenhagen.sample_DTU2018-1620-PRJ1066-RL-CPH-Sewage-275,310,3.5968466215397417,0.9428344853836146,High-income,Brinch_2020_sewage_copenhagen
Brinch_2020_sewage_copenhagen.sample_DTU2018-1621-PRJ1066-RL-CPH-Sewage-298,314,3.5530960596592305,0.9316165226217924,High-income,Brinch_2020_sewage_copenhagen
Brinch_2020_sewage_copenhagen.sample_DTU2018-1625-PRJ1066-RD-CPH-Sewage-240,196,2.8021034608164697,0.8460157313162725,High-income,Brinch_2020_sewage_copenhagen
Brinch_2020_sewage_copenhagen.sample_DTU2018-1626-PRJ1066-RD-CPH-Sewage-271,286,3.5428550497451337,0.9342149484719918,High-income,Brinch_2020_sewage_copenhagen
Brinch_2020_sewage_copenhagen.sample_DTU2018-1627-PRJ1066-RD-CPH-Sewage-297,315,3.6117764752130537,0.9314668767413615,High-income,Brinch_2020_sewage_copenhagen
Brinch_2020_sewage_copenhagen.sample_DTU2018-96-PRJ1066-RL-CPH-Sewage-239,312,3.0425428727129664,0.8491535820131098,High-income,Brinch_2020_sewage_copenhagen
Brinch_2020_sewage_copenhagen.sample_DTU2018-97-PRJ1066-CPH-Sewage-223,377,4.532734569385332,0.9721002468686224,High-income,Brinch_2020_sewage_copenhagen
Brinch_2020_sewage_copenhagen.sample_DTU2018-98-PRJ1066-CPH-Sewage-224,350,4.492632283504751,0.9712053619882783,High-income,Brinch_2020_sewage_copenhagen
Brinch_2020_sewage_copenhagen.sample_DTU2018-99-PRJ1066-CPH-Sewage-225,358,4.334514980078868,0.9592459707713165,High-income,Brinch_2020_sewage_copenhagen
Brinch_2020_sewage_copenhagen.sample_DTU2019-195-PRJ1066-RL-CPH-Sewage-219,383,4.4181738477125325,0.9681939242080163,High-income,Brinch_2020_sewage_copenhagen
Brinch_2020_sewage_copenhagen.sample_DTU2019-196-PRJ1066-RD-CPH-Sewage-222,314,3.9436781750453553,0.9390240979887065,High-income,Brinch_2020_sewage_copenhagen
Brinch_2020_sewage_copenhagen.sample_DTU2019-197-PRJ1066-RA-CPH-Sewage-224,315,4.322548004857548,0.9676172821965355,High-income,Brinch_2020_sewage_copenhagen
Brinch_2020_sewage_copenhagen.sample_DTU2019-198-PRJ1066-RD-CPH-Sewage-225,336,4.1472509053479865,0.948948525735859,High-income,Brinch_2020_sewage_copenhagen
Brinch_2020_sewage_copenhagen.sample_DTU2019-199-PRJ1066-RL-CPH-Sewage-227,331,3.839171787306024,0.9175670927461064,High-income,Brinch_2020_sewage_copenhagen
Brinch_2020_sewage_copenhagen.sample_DTU2019-200-PRJ1066-RL-CPH-Sewage-228,373,4.464811441061655,0.9724536177212948,High-income,Brinch_2020_sewage_copenhagen
Brinch_2020_sewage_copenhagen.sample_DTU2019-201-PRJ1066-RD-CPH-Sewage-231,392,3.6848879158227823,0.9082531281091929,High-income,Brinch_2020_sewage_copenhagen
Brinch_2020_sewage_copenhagen.sample_DTU2019-202-PRJ1066-RL-CPH-Sewage-232,303,3.2389029745758258,0.8930975963922775,High-income,Brinch_2020_sewage_copenhagen
Brinch_2020_sewage_copenhagen.sample_DTU2019-203-PRJ1066-RD-CPH-Sewage-233,359,3.590471216336728,0.9024881218367071,High-income,Brinch_2020_sewage_copenhagen
Brinch_2020_sewage_copenhagen.sample_DTU2019-204-PRJ1066-RA-CPH-Sewage-235,304,3.694750583841496,0.9321790813746336,High-income,Brinch_2020_sewage_copenhagen
Brinch_2020_sewage_copenhagen.sample_DTU2019-205-PRJ1066-RA-CPH-Sewage-236,340,3.431079961503933,0.9074535922897774,High-income,Brinch_2020_sewage_copenhagen
Brinch_2020_sewage_copenhagen.sample_DTU2019-206-PRJ1066-RD-CPH-Sewage-237,259,2.9222289725048833,0.8379817128879876,High-income,Brinch_2020_sewage_copenhagen
Brinch_2020_sewage_copenhagen.sample_DTU2019-207-PRJ1066-RA-CPH-Sewage-238,244,3.184594030622356,0.8946518106000725,High-income,Brinch_2020_sewage_copenhagen
Brinch_2020_sewage_copenhagen.sample_DTU2019-208-PRJ1066-RA-CPH-Sewage-241,170,3.3957463836380137,0.9240924492535629,High-income,Brinch_2020_sewage_copenhagen
Brinch_2020_sewage_copenhagen.sample_DTU2019-209-PRJ1066-RL-CPH-Sewage-243,211,2.7460193449323747,0.8154829959338828,High-income,Brinch_2020_sewage_copenhagen
Brinch_2020_sewage_copenhagen.sample_DTU2019-210-PRJ1066-RD-CPH-Sewage-245,305,3.591991401697949,0.9205850090922421,High-income,Brinch_2020_sewage_copenhagen
Brinch_2020_sewage_copenhagen.sample_DTU2019-211-PRJ1066-RD-CPH-Sewage-246,333,3.836674979036229,0.9384977692798979,High-income,Brinch_2020_sewage_copenhagen
Brinch_2020_sewage_copenhagen.sample_DTU2019-212-PRJ1066-RD-CPH-Sewage-248,374,3.97906152387527,0.9402614402897057,High-income,Brinch_2020_sewage_copenhagen
Brinch_2020_sewage_copenhagen.sample_DTU2019-229-PRJ1066-RA-CPH-Sewage-1,345,3.681469083241542,0.9310193452938611,High-income,Brinch_2020_sewage_copenhagen
Brinch_2020_sewage_copenhagen.sample_DTU2019-230-PRJ1066-RA-CPH-Sewage-2,362,3.802261442168698,0.9298335286932028,High-income,Brinch_2020_sewage_copenhagen
Brinch_2020_sewage_copenhagen.sample_DTU2019-397-PRJ1066-RL-CPH-Sewage-285,321,3.7676379134848594,0.9456892183104559,High-income,Brinch_2020_sewage_copenhagen
Brinch_2020_sewage_copenhagen.sample_DTU2019-398-PRJ1066-RA-CPH-Sewage-286,343,3.962183525802663,0.9552934030557491,High-income,Brinch_2020_sewage_copenhagen
Brinch_2020_sewage_copenhagen.sample_DTU2019-399-PRJ1066-RD-CPH-Sewage-287,160,2.3985708156229015,0.740545343003034,High-income,Brinch_2020_sewage_copenhagen
Brinch_2020_sewage_copenhagen.sample_DTU2019-555-PRJ1066-RD-CPH-Sewage-265,44,1.9350503473386318,0.7821830203882789,High-income,Brinch_2020_sewage_copenhagen
Brinch_2020_sewage_copenhagen.sample_DTU2019-556-PRJ1066-RD-CPH-Sewage-277,366,4.147716875659512,0.9592950643676357,High-income,Brinch_2020_sewage_copenhagen
Brinch_2020_sewage_copenhagen.sample_DTU2019-561-PRJ1066-RD-CPH-Sewage-280,365,4.200540842989473,0.9638966134977065,High-income,Brinch_2020_sewage_copenhagen
Brinch_2020_sewage_copenhagen.sample_DTU2019-562-PRJ1066-RD-CPH-Sewage-283,366,3.8555188200554253,0.9479915220493675,High-income,Brinch_2020_sewage_copenhagen
Brinch_2020_sewage_copenhagen.sample_DTU2019-567-PRJ1066-RD-CPH-Sewage-293,365,3.9144199901278025,0.9509869009725832,High-income,Brinch_2020_sewage_copenhagen
Brinch_2020_sewage_copenhagen.sample_DTU2019-568-PRJ1066-RD-CPH-Sewage-306,384,4.272523603742204,0.9627449137221242,High-income,Brinch_2020_sewage_copenhagen
Brooks_2017_infants.sample_S2_003_000_R1,91,1.137708077499641,0.34962311246676125,High-income,Brooks_2017_infants
Brooks_2017_infants.sample_S2_003_000_R2,23,1.7535942069898356,0.7133682844312803,High-income,Brooks_2017_infants
Brooks_2017_infants.sample_S2_003_000_R3,121,2.988813532649508,0.8908568844113578,High-income,Brooks_2017_infants
Brooks_2017_infants.sample_S2_005_001_R1,55,1.5957860060642903,0.7107335494177351,High-income,Brooks_2017_infants
Brooks_2017_infants.sample_S2_005_001_R2,22,1.7129650145376312,0.757580689385698,High-income,Brooks_2017_infants
Brooks_2017_infants.sample_S2_005_001_R3,67,2.200549653174684,0.7709860899672308,High-income,Brooks_2017_infants
Brooks_2017_infants.sample_S2_005_002_R1,57,0.7633288236334828,0.2412197606723695,High-income,Brooks_2017_infants
Brooks_2017_infants.sample_S2_005_002_R2,31,1.805499949089941,0.745342498071573,High-income,Brooks_2017_infants
Brooks_2017_infants.sample_S2_005_002_R3,47,2.477179127715485,0.8542036425553705,High-income,Brooks_2017_infants
Brooks_2017_infants.sample_S2_005_003_R1,45,1.1660383693093321,0.4060492855063338,High-income,Brooks_2017_infants
Brooks_2017_infants.sample_S2_005_003_R2,21,1.2596770403945625,0.5340813087514372,High-income,Brooks_2017_infants
Brooks_2017_infants.sample_S2_005_003_R3,127,2.719543376100176,0.8206882707087598,High-income,Brooks_2017_infants
Brooks_2017_infants.sample_S2_006_000_R1,137,1.174575440091622,0.41629779376736475,High-income,Brooks_2017_infants
Brooks_2017_infants.sample_S2_006_000_R2,25,2.313480236854994,0.8627963019489048,High-income,Brooks_2017_infants
Brooks_2017_infants.sample_S2_006_000_R3,148,2.842123373974442,0.8559039531720551,High-income,Brooks_2017_infants
Brooks_2017_infants.sample_S2_009_000_R1,51,2.1976028066870668,0.7859486783504068,High-income,Brooks_2017_infants
Brooks_2017_infants.sample_S2_009_000_R2,27,2.423280620316728,0.8885183684559143,High-income,Brooks_2017_infants
Brooks_2017_infants.sample_S2_009_000_R3,49,1.649716562682626,0.6331009237961298,High-income,Brooks_2017_infants
Brooks_2017_infants.sample_S2_012_000_R1,53,1.0924314591972863,0.35234534481003876,High-income,Brooks_2017_infants
Brooks_2017_infants.sample_S2_012_000_R2,38,1.1527366194428472,0.45185683406664157,High-income,Brooks_2017_infants
Brooks_2017_infants.sample_S2_012_000_R3,209,3.311251003249625,0.8740245739911114,High-income,Brooks_2017_infants
Brooks_2017_infants.sample_S2_018_000_R1,133,1.1738958817787413,0.3556503899505966,High-income,Brooks_2017_infants
Brooks_2017_infants.sample_S2_018_000_R2,27,0.9960665689033785,0.42510940013048093,High-income,Brooks_2017_infants
Brooks_2017_infants.sample_S2_018_000_R3,178,2.905361279057571,0.8851858764164322,High-income,Brooks_2017_infants
Fahimipour_2018_surfaces.sample_AF001,13,1.9416251076279567,0.8163672061016288,High-income,Fahimipour_2018_surfaces
Fahimipour_2018_surfaces.sample_AF002,4,0.44939093700127325,0.2086227426038615,High-income,Fahimipour_2018_surfaces
Fahimipour_2018_surfaces.sample_AF003,18,2.286721787731836,0.8630472462606031,High-income,Fahimipour_2018_surfaces
Fahimipour_2018_surfaces.sample_AF004,7,1.531511351076924,0.7275672816341315,High-income,Fahimipour_2018_surfaces
Fahimipour_2018_surfaces.sample_AF005,17,2.185551619072237,0.8442218216943707,High-income,Fahimipour_2018_surfaces
Fahimipour_2018_surfaces.sample_AF006,7,0.8381976027215322,0.38295994563872293,High-income,Fahimipour_2018_surfaces
Fahimipour_2018_surfaces.sample_AF007,15,2.2444052864436546,0.8645128712343497,High-income,Fahimipour_2018_surfaces
Fahimipour_2018_surfaces.sample_AF008,33,2.7770423186156354,0.9060874432077556,High-income,Fahimipour_2018_surfaces
Fahimipour_2018_surfaces.sample_AF009,1,-0.0,0.0,High-income,Fahimipour_2018_surfaces
Fahimipour_2018_surfaces.sample_AF010,11,1.8881791818961808,0.8224758470950451,High-income,Fahimipour_2018_surfaces
Fahimipour_2018_surfaces.sample_AF011,6,1.0787784850379563,0.571539293533153,High-income,Fahimipour_2018_surfaces
Fahimipour_2018_surfaces.sample_AF012,18,2.305785720040671,0.8642283927484928,High-income,Fahimipour_2018_surfaces
Fahimipour_2018_surfaces.sample_AF013,1,-0.0,0.0,High-income,Fahimipour_2018_surfaces
Fahimipour_2018_surfaces.sample_AF015,6,1.3608026839826186,0.7118031028675835,High-income,Fahimipour_2018_surfaces
Fahimipour_2018_surfaces.sample_AF016,4,0.7734172605711285,0.49340769352121105,High-income,Fahimipour_2018_surfaces
Fahimipour_2018_surfaces.sample_AF017,3,0.8968234536313543,0.5581245620111648,High-income,Fahimipour_2018_surfaces
Fahimipour_2018_surfaces.sample_AF018,11,1.8524131394969268,0.7946290303072322,High-income,Fahimipour_2018_surfaces
Fahimipour_2018_surfaces.sample_AF019,7,1.3250293126736674,0.5875047490545962,High-income,Fahimipour_2018_surfaces
Fahimipour_2018_surfaces.sample_AF020,12,2.1420861680144445,0.8623067992850812,High-income,Fahimipour_2018_surfaces
Fahimipour_2018_surfaces.sample_AF021,9,1.530706337786216,0.7018476441313369,High-income,Fahimipour_2018_surfaces
Fahimipour_2018_surfaces.sample_AF022,10,1.4915645066910963,0.6658373876134598,High-income,Fahimipour_2018_surfaces
Fahimipour_2018_surfaces.sample_AF023,14,2.0148630983888904,0.8228790468085432,High-income,Fahimipour_2018_surfaces
Fahimipour_2018_surfaces.sample_AF024,19,2.1297845566237443,0.8464135630411354,High-income,Fahimipour_2018_surfaces
Fahimipour_2018_surfaces.sample_AF025,22,2.326566594546571,0.837151179658173,High-income,Fahimipour_2018_surfaces
Fahimipour_2018_surfaces.sample_AF026,13,2.046839963559067,0.8452036242884731,High-income,Fahimipour_2018_surfaces
Fahimipour_2018_surfaces.sample_AF027,11,1.8605997908200165,0.7888839223641039,High-income,Fahimipour_2018_surfaces
Fahimipour_2018_surfaces.sample_AF028,8,1.7094947693126152,0.7597289423165114,High-income,Fahimipour_2018_surfaces
Fahimipour_2018_surfaces.sample_AF029,20,2.0235406462475938,0.798701605572459,High-income,Fahimipour_2018_surfaces
Fahimipour_2018_surfaces.sample_AF030,6,1.1859868162688656,0.5802786873452742,High-income,Fahimipour_2018_surfaces
Fahimipour_2018_surfaces.sample_AF031,10,1.8227178292040735,0.7880679289959783,High-income,Fahimipour_2018_surfaces
Fahimipour_2018_surfaces.sample_AF032,24,2.3744742385760658,0.8699630857821293,High-income,Fahimipour_2018_surfaces
Fahimipour_2018_surfaces.sample_AF033,5,1.0554087272200245,0.6074483893361853,High-income,Fahimipour_2018_surfaces
Fahimipour_2018_surfaces.sample_AF034,8,1.41615249968975,0.6487814982911417,High-income,Fahimipour_2018_surfaces
Fahimipour_2018_surfaces.sample_AF035,3,1.0101138655392456,0.6108641572749923,High-income,Fahimipour_2018_surfaces
Fahimipour_2018_surfaces.sample_AF036,11,1.5947248995192362,0.741076548305345,High-income,Fahimipour_2018_surfaces
Fahimipour_2018_surfaces.sample_AF037,10,1.599450797686215,0.6871354573067678,High-income,Fahimipour_2018_surfaces
Fahimipour_2018_surfaces.sample_AF038,19,1.94157648069623,0.7201507909473573,High-income,Fahimipour_2018_surfaces
Fahimipour_2018_surfaces.sample_AF039,18,1.3193474652618316,0.5155423824971308,High-income,Fahimipour_2018_surfaces
Fahimipour_2018_surfaces.sample_AF040,6,1.5125661887210924,0.7553826052561303,High-income,Fahimipour_2018_surfaces
Fahimipour_2018_surfaces.sample_AF041,1,-0.0,0.0,High-income,Fahimipour_2018_surfaces
Fahimipour_2018_surfaces.sample_AF042,12,1.4122344722504168,0.5880015777840897,High-income,Fahimipour_2018_surfaces
Fahimipour_2018_surfaces.sample_AF043,12,1.7619881625147293,0.7420885271012212,High-income,Fahimipour_2018_surfaces
Fahimipour_2018_surfaces.sample_AF044,15,2.1840447300135524,0.8592164575935028,High-income,Fahimipour_2018_surfaces
Fahimipour_2018_surfaces.sample_AF045,11,1.9604718137695132,0.830125674589481,High-income,Fahimipour_2018_surfaces
Fahimipour_2018_surfaces.sample_AF046,15,1.9378417076502892,0.7800976635303553,High-income,Fahimipour_2018_surfaces
Fahimipour_2018_surfaces.sample_AF047,4,0.9242334004922697,0.4789515199783708,High-income,Fahimipour_2018_surfaces
Fahimipour_2018_surfaces.sample_AF048,22,2.528415794668685,0.8877188424801773,High-income,Fahimipour_2018_surfaces
Fahimipour_2018_surfaces.sample_AF049,19,1.578467657513382,0.6780629852257247,High-income,Fahimipour_2018_surfaces
Fahimipour_2018_surfaces.sample_AF050,6,1.6066093664774495,0.7815162635499512,High-income,Fahimipour_2018_surfaces
Fahimipour_2018_surfaces.sample_AF051,11,1.8126641996915582,0.7873387170094062,High-income,Fahimipour_2018_surfaces
Fahimipour_2018_surfaces.sample_AF052,10,1.4859696304625456,0.6504370997756747,High-income,Fahimipour_2018_surfaces
Fahimipour_2018_surfaces.sample_AF053,5,1.113011419729302,0.5569882213113541,High-income,Fahimipour_2018_surfaces
Fahimipour_2018_surfaces.sample_AF054,15,2.0077012047979483,0.7558184267255801,High-income,Fahimipour_2018_surfaces
Fahimipour_2018_surfaces.sample_AF057,50,2.745863547307168,0.8954228746196021,High-income,Fahimipour_2018_surfaces
Fahimipour_2018_surfaces.sample_AF058,4,0.6802093831235043,0.4062124013302385,High-income,Fahimipour_2018_surfaces
Fahimipour_2018_surfaces.sample_AF059,4,0.28709360895477254,0.11981887707559502,High-income,Fahimipour_2018_surfaces
Fahimipour_2018_surfaces.sample_AF060,3,0.20250683426764848,0.08133912089554896,High-income,Fahimipour_2018_surfaces
Fahimipour_2018_surfaces.sample_AF061,14,2.207979924756374,0.8519249631077386,High-income,Fahimipour_2018_surfaces
Fahimipour_2018_surfaces.sample_AF062,15,2.369234001573625,0.885154932016805,High-income,Fahimipour_2018_surfaces
Fahimipour_2018_surfaces.sample_AF063,25,2.235023929107785,0.810831924915809,High-income,Fahimipour_2018_surfaces
Fahimipour_2018_surfaces.sample_AF064,3,0.833483791146888,0.535785462052814,High-income,Fahimipour_2018_surfaces
Fahimipour_2018_surfaces.sample_AF065,11,1.2761007607494514,0.5457997863525501,High-income,Fahimipour_2018_surfaces
Fahimipour_2018_surfaces.sample_AF067,9,1.5762886188484753,0.7187937092544057,High-income,Fahimipour_2018_surfaces
Fahimipour_2018_surfaces.sample_AF069,3,0.7872990822347157,0.444211740368207,High-income,Fahimipour_2018_surfaces
Fahimipour_2018_surfaces.sample_AF070,11,1.7567506181509818,0.7404695315775216,High-income,Fahimipour_2018_surfaces
Fahimipour_2018_surfaces.sample_AF071,14,1.9622213082205953,0.8300114610600812,High-income,Fahimipour_2018_surfaces
Fahimipour_2018_surfaces.sample_AF072,20,2.080655656801117,0.8009095952020967,High-income,Fahimipour_2018_surfaces
Fahimipour_2018_surfaces.sample_AF073,7,1.3704536547998292,0.6733076725588671,High-income,Fahimipour_2018_surfaces
Fahimipour_2018_surfaces.sample_AF076,1,-0.0,0.0,High-income,Fahimipour_2018_surfaces
Fahimipour_2018_surfaces.sample_AF077,6,1.629295802055532,0.7805163921414788,High-income,Fahimipour_2018_surfaces
Fahimipour_2018_surfaces.sample_AF078,3,0.4115640692158651,0.2010009267516364,High-income,Fahimipour_2018_surfaces
Fahimipour_2018_surfaces.sample_AF079,5,1.381387095705973,0.6975086792842493,High-income,Fahimipour_2018_surfaces
Fahimipour_2018_surfaces.sample_AF080,10,1.5484935517226006,0.7276885255819019,High-income,Fahimipour_2018_surfaces
Fahimipour_2018_surfaces.sample_AF081,9,1.7437254013075538,0.779229680510265,High-income,Fahimipour_2018_surfaces
Fahimipour_2018_surfaces.sample_AF082,12,1.8004612139521219,0.7856161806077051,High-income,Fahimipour_2018_surfaces
Fahimipour_2018_surfaces.sample_AF083,11,1.0377858712971089,0.44706147066673074,High-income,Fahimipour_2018_surfaces
Fahimipour_2018_surfaces.sample_AF084,10,1.6162890967564836,0.7683135717246745,High-income,Fahimipour_2018_surfaces
Fahimipour_2018_surfaces.sample_AF085,8,1.721409892472976,0.7874703283796463,High-income,Fahimipour_2018_surfaces
Fahimipour_2018_surfaces.sample_AF086,20,2.3041471897792096,0.8541208845382784,High-income,Fahimipour_2018_surfaces
Fahimipour_2018_surfaces.sample_AF087,14,2.200532593182923,0.8595257551293203,High-income,Fahimipour_2018_surfaces
Fahimipour_2018_surfaces.sample_AF088,3,0.7207681710508639,0.4106381004456967,High-income,Fahimipour_2018_surfaces
Fahimipour_2018_surfaces.sample_AF089,13,1.8683693799875045,0.7933576371555588,High-income,Fahimipour_2018_surfaces
Fahimipour_2018_surfaces.sample_AF090,8,1.5777575316456804,0.7409621764471681,High-income,Fahimipour_2018_surfaces
Fahimipour_2018_surfaces.sample_AF091,8,1.7582551595521299,0.8070012004696626,High-income,Fahimipour_2018_surfaces
Fahimipour_2018_surfaces.sample_AF092,2,0.40327097591691724,0.23945852296009962,High-income,Fahimipour_2018_surfaces
Fahimipour_2018_surfaces.sample_AF093,2,0.39594372655564797,0.23367700486200005,High-income,Fahimipour_2018_surfaces
Fahimipour_2018_surfaces.sample_AF094,1,-0.0,0.0,High-income,Fahimipour_2018_surfaces
Fahimipour_2018_surfaces.sample_AF095,7,1.189692731578697,0.5561110757949301,High-income,Fahimipour_2018_surfaces
Fahimipour_2018_surfaces.sample_AF096,4,0.8634387754652346,0.445475006529959,High-income,Fahimipour_2018_surfaces
Fahimipour_2018_surfaces.sample_AF097,10,1.4326009687673185,0.689375527857035,High-income,Fahimipour_2018_surfaces
Fahimipour_2018_surfaces.sample_AF098,6,1.2060472977146843,0.6612003551455401,High-income,Fahimipour_2018_surfaces
Fahimipour_2018_surfaces.sample_AF099,15,1.7997735263853913,0.7273793943714058,High-income,Fahimipour_2018_surfaces
Fahimipour_2018_surfaces.sample_AF100,8,1.8281697432323858,0.8092630807414749,High-income,Fahimipour_2018_surfaces
Fahimipour_2018_surfaces.sample_AF101,6,1.4602623264984027,0.7119101285317624,High-income,Fahimipour_2018_surfaces
Fahimipour_2018_surfaces.sample_AF102,16,1.6442434491852025,0.7028813960615085,High-income,Fahimipour_2018_surfaces
Fahimipour_2018_surfaces.sample_AF103,9,0.9349828506904186,0.3787788577000417,High-income,Fahimipour_2018_surfaces
Fahimipour_2018_surfaces.sample_AF104,7,0.8989314002937123,0.3894267176917603,High-income,Fahimipour_2018_surfaces
Fahimipour_2018_surfaces.sample_AF105,61,3.318512614425073,0.9412454791738888,High-income,Fahimipour_2018_surfaces
Fahimipour_2018_surfaces.sample_AF106,12,1.8291716260549613,0.7594098955085309,High-income,Fahimipour_2018_surfaces
Fahimipour_2018_surfaces.sample_AF107,7,1.7169587993299718,0.7957174291825118,High-income,Fahimipour_2018_surfaces
Fahimipour_2018_surfaces.sample_AF108,5,0.535209169708983,0.24435513023197608,High-income,Fahimipour_2018_surfaces
Fahimipour_2018_surfaces.sample_AF109,5,1.5423216846244738,0.771822329680689,High-income,Fahimipour_2018_surfaces
Fahimipour_2018_surfaces.sample_AF110,12,1.8463634245625993,0.7750253543338066,High-income,Fahimipour_2018_surfaces
Fahimipour_2018_surfaces.sample_AF111,2,0.5960651468542089,0.4061028132738538,High-income,Fahimipour_2018_surfaces
Fahimipour_2018_surfaces.sample_AF112,4,1.027700901407261,0.5718662525076228,High-income,Fahimipour_2018_surfaces
Fahimipour_2018_surfaces.sample_AF113,12,1.6904642929914906,0.7539447327517939,High-income,Fahimipour_2018_surfaces
Fahimipour_2018_surfaces.sample_AF114,4,0.3214797155759272,0.13877227861728492,High-income,Fahimipour_2018_surfaces
Fahimipour_2018_surfaces.sample_AF115,11,1.645426295434315,0.7515118468352953,High-income,Fahimipour_2018_surfaces
Fahimipour_2018_surfaces.sample_AF116,6,1.6729586818778146,0.7910352229443853,High-income,Fahimipour_2018_surfaces
Fahimipour_2018_surfaces.sample_AF117,5,0.5615015144690437,0.26973373879499374,High-income,Fahimipour_2018_surfaces
Fahimipour_2018_surfaces.sample_AF118,5,1.0735872521493786,0.5689963873276599,High-income,Fahimipour_2018_surfaces
Fahimipour_2018_surfaces.sample_AF119,6,1.3601352121403922,0.6597831146305531,High-income,Fahimipour_2018_surfaces
Fahimipour_2018_surfaces.sample_AF120,9,1.5872691043831035,0.7183439608305348,High-income,Fahimipour_2018_surfaces
Fahimipour_2018_surfaces.sample_AF121,3,0.8042843031814353,0.5276860896079077,High-income,Fahimipour_2018_surfaces
Fahimipour_2018_surfaces.sample_AF122,8,1.4105526841609222,0.675691902590106,High-income,Fahimipour_2018_surfaces
Gusareva_2019_air.sample_DVE1011,85,3.4250619970019405,0.9508183753029826,High-income,Gusareva_2019_air
Gusareva_2019_air.sample_DYVR1006,0,0.0,0.0,High-income,Gusareva_2019_air
Gusareva_2019_air.sample_DYVR1007,0,0.0,0.0,High-income,Gusareva_2019_air
Gusareva_2019_air.sample_DYVR1008,4,0.9982417130589849,0.59053921376446,High-income,Gusareva_2019_air
Gusareva_2019_air.sample_DYVR1009,2,0.6825539431494523,0.489444221317769,High-income,Gusareva_2019_air
Gusareva_2019_air.sample_DYVR1010,1,-0.0,0.0,High-income,Gusareva_2019_air
Gusareva_2019_air.sample_DYVR1011,0,0.0,0.0,High-income,Gusareva_2019_air
Gusareva_2019_air.sample_DYVR1012,4,1.1860278066222365,0.6758925980937729,High-income,Gusareva_2019_air
Gusareva_2019_air.sample_DYVR1013,1,-0.0,0.0,High-income,Gusareva_2019_air
Gusareva_2019_air.sample_DYVR1026,0,0.0,0.0,High-income,Gusareva_2019_air
Gusareva_2019_air.sample_DYVR1030,0,0.0,0.0,High-income,Gusareva_2019_air
Gusareva_2019_air.sample_DYVR1040,6,0.8583476542370596,0.40408876623454015,High-income,Gusareva_2019_air
Gusareva_2019_air.sample_DYVR1041,2,0.5734553737347514,0.38516576319313844,High-income,Gusareva_2019_air
Gusareva_2019_air.sample_DYVR1042,3,0.41503579775034793,0.19727080485666837,High-income,Gusareva_2019_air
Gusareva_2019_air.sample_DYVR1043,1,-0.0,0.0,High-income,Gusareva_2019_air
Gusareva_2019_air.sample_DYVR1044,4,1.1434410972717615,0.6336080169487703,High-income,Gusareva_2019_air
Gusareva_2019_air.sample_DYVR1045,1,-0.0,0.0,High-income,Gusareva_2019_air
Gusareva_2019_air.sample_DYVR1046,0,0.0,0.0,High-income,Gusareva_2019_air
Gusareva_2019_air.sample_DYVR1048,2,0.6316182805758714,0.43974378589950003,High-income,Gusareva_2019_air
Gusareva_2019_air.sample_DYVR1053,1,-0.0,0.0,High-income,Gusareva_2019_air
Gusareva_2019_air.sample_DYVR1054,9,1.722814864660952,0.7834442437493807,High-income,Gusareva_2019_air
Gusareva_2019_air.sample_DYVR1056,1,-0.0,0.0,High-income,Gusareva_2019_air
Gusareva_2019_air.sample_DYVR1057,1,-0.0,0.0,High-income,Gusareva_2019_air
Gusareva_2019_air.sample_DYVR1058,0,0.0,0.0,High-income,Gusareva_2019_air
Gusareva_2019_air.sample_DYVR1059,1,-0.0,0.0,High-income,Gusareva_2019_air
Gusareva_2019_air.sample_DYVR1060,2,0.6725147254301909,0.4795098395071946,High-income,Gusareva_2019_air
Gusareva_2019_air.sample_DYVR1061,1,-0.0,0.0,High-income,Gusareva_2019_air
Gusareva_2019_air.sample_DYVR1072,6,1.307410721604896,0.6779777298969707,High-income,Gusareva_2019_air
Gusareva_2019_air.sample_DYVR1073,1,-0.0,0.0,High-income,Gusareva_2019_air
Gusareva_2019_air.sample_DYVR1074,5,1.3334450801447486,0.68853235471426,High-income,Gusareva_2019_air
Gusareva_2019_air.sample_DYVR1076,0,0.0,0.0,High-income,Gusareva_2019_air
Gusareva_2019_air.sample_DYVR2001,1,-0.0,0.0,High-income,Gusareva_2019_air
Gusareva_2019_air.sample_DYVR2002,1,-0.0,0.0,High-income,Gusareva_2019_air
Gusareva_2019_air.sample_DYVR2003,1,-0.0,0.0,High-income,Gusareva_2019_air
Gusareva_2019_air.sample_DYVR2005,0,0.0,0.0,High-income,Gusareva_2019_air
Gusareva_2019_air.sample_DYVR2006,1,-0.0,0.0,High-income,Gusareva_2019_air
Gusareva_2019_air.sample_DYVR2008,1,-0.0,0.0,High-income,Gusareva_2019_air
Gusareva_2019_air.sample_DYVR2010,2,0.623689349575789,0.43216584255437995,High-income,Gusareva_2019_air
Gusareva_2019_air.sample_DYVR2011,1,-0.0,0.0,High-income,Gusareva_2019_air
Gusareva_2019_air.sample_DYVR2012,2,0.4483832417743393,0.2759752483875,High-income,Gusareva_2019_air
Gusareva_2019_air.sample_DYVR2014,1,-0.0,0.0,High-income,Gusareva_2019_air
Gusareva_2019_air.sample_DYVR2015,2,0.5701515804038841,0.38213642714862006,High-income,Gusareva_2019_air
Gusareva_2019_air.sample_DYVR2016,1,-0.0,0.0,High-income,Gusareva_2019_air
Gusareva_2019_air.sample_DYVR2017,2,0.5101835847954828,0.32850176785950014,High-income,Gusareva_2019_air
Gusareva_2019_air.sample_DYVR2018,4,0.7367759896665609,0.36480288302103403,High-income,Gusareva_2019_air
Gusareva_2019_air.sample_DYVR2019,9,1.809729694006365,0.7786973090785367,High-income,Gusareva_2019_air
Gusareva_2019_air.sample_DYVR2020,9,1.8213096764637,0.7883848142220401,High-income,Gusareva_2019_air
Gusareva_2019_air.sample_DYVR2021,9,1.8707321566020796,0.8109235912133573,High-income,Gusareva_2019_air
Gusareva_2019_air.sample_DYVR2022,12,2.012797185665614,0.8320210981972567,High-income,Gusareva_2019_air
Gusareva_2019_air.sample_DYVR2023,12,2.074694311863098,0.8317397532228638,High-income,Gusareva_2019_air
Gusareva_2019_air.sample_DYVR2024,10,1.9416358475739395,0.8098646819271198,High-income,Gusareva_2019_air
Gusareva_2019_air.sample_DYVR2025,9,1.897896087143337,0.8307462251736923,High-income,Gusareva_2019_air
Gusareva_2019_air.sample_DYVR2026,10,2.0898534603730448,0.8591554747645861,High-income,Gusareva_2019_air
Gusareva_2019_air.sample_DYVR2027,10,1.9980545114805737,0.8411124017038181,High-income,Gusareva_2019_air
Gusareva_2019_air.sample_DYVR2028,1,-0.0,0.0,High-income,Gusareva_2019_air
Gusareva_2019_air.sample_DYVR2029,1,-0.0,0.0,High-income,Gusareva_2019_air
Gusareva_2019_air.sample_DYVR2031,4,0.9095486712709443,0.46504081331411895,High-income,Gusareva_2019_air
Gusareva_2019_air.sample_DYVR2032,1,-0.0,0.0,High-income,Gusareva_2019_air
Gusareva_2019_air.sample_DYVR2033,0,0.0,0.0,High-income,Gusareva_2019_air
Gusareva_2019_air.sample_DYVR2034,0,0.0,0.0,High-income,Gusareva_2019_air
Gusareva_2019_air.sample_DYVR2037,11,1.3360259289316043,0.6565873872077549,High-income,Gusareva_2019_air
Gusareva_2019_air.sample_DYVR2046,3,0.2816717947784596,0.12646065159085995,High-income,Gusareva_2019_air
Gusareva_2019_air.sample_DYVR2047,3,0.6722930935480221,0.3702810027578727,High-income,Gusareva_2019_air
Gusareva_2019_air.sample_DYVR2048,2,0.4040180188700356,0.2400503490703545,High-income,Gusareva_2019_air
Gusareva_2019_air.sample_DYVR2055,20,1.978903062850707,0.7462628998494085,High-income,Gusareva_2019_air
Gusareva_2019_air.sample_DYVR2056,7,1.703194579989085,0.7840414544847905,High-income,Gusareva_2019_air
Gusareva_2019_air.sample_DYVR2057,7,1.6642344927468677,0.7558933379212757,High-income,Gusareva_2019_air
Gusareva_2019_air.sample_DYVR2059,0,0.0,0.0,High-income,Gusareva_2019_air
Gusareva_2019_air.sample_DYVR2060,0,0.0,0.0,High-income,Gusareva_2019_air
Gusareva_2019_air.sample_DYVR2061,1,-0.0,0.0,High-income,Gusareva_2019_air
Gusareva_2019_air.sample_DYVR2063,0,0.0,0.0,High-income,Gusareva_2019_air
Gusareva_2019_air.sample_DYVR2064,1,-0.0,0.0,High-income,Gusareva_2019_air
Gusareva_2019_air.sample_DYVR2065,1,-0.0,0.0,High-income,Gusareva_2019_air
Gusareva_2019_air.sample_DYVR2066,2,0.6905845838208919,0.4974395929773642,High-income,Gusareva_2019_air
Gusareva_2019_air.sample_DYVR2067,1,-0.0,0.0,High-income,Gusareva_2019_air
Gusareva_2019_air.sample_DYVR2070,1,-0.0,0.0,High-income,Gusareva_2019_air
Gusareva_2019_air.sample_DYVR2071,1,-0.0,0.0,High-income,Gusareva_2019_air
Gusareva_2019_air.sample_DYVR2072,2,0.6471072041010169,0.45467104389823865,High-income,Gusareva_2019_air
Gusareva_2019_air.sample_DYVR2074,2,0.41796181380626407,0.2511772031999999,High-income,Gusareva_2019_air
Gusareva_2019_air.sample_DYVR2075,1,-0.0,0.0,High-income,Gusareva_2019_air
Gusareva_2019_air.sample_DYVR2079,1,-0.0,0.0,High-income,Gusareva_2019_air
Gusareva_2019_air.sample_DYVR2081,1,-0.0,0.0,High-income,Gusareva_2019_air
Gusareva_2019_air.sample_DYVR2082,1,-0.0,0.0,High-income,Gusareva_2019_air
Gusareva_2019_air.sample_DYVR2083,1,-0.0,0.0,High-income,Gusareva_2019_air
Gusareva_2019_air.sample_DYVR2084,1,-0.0,0.0,High-income,Gusareva_2019_air
Gusareva_2019_air.sample_DYVR2090,0,0.0,0.0,High-income,Gusareva_2019_air
Gusareva_2019_air.sample_DYVR2091,5,1.286841603621681,0.6837617564309878,High-income,Gusareva_2019_air
Gusareva_2019_air.sample_DYVR2092,6,1.2375750589902896,0.6561959372996706,High-income,Gusareva_2019_air
Gusareva_2019_air.sample_DYVR2093,5,1.3853005404182457,0.6911469127890801,High-income,Gusareva_2019_air
Gusareva_2019_air.sample_DYVR2094,4,0.7686389596365633,0.41250275542332504,High-income,Gusareva_2019_air
Gusareva_2019_air.sample_DYVR2095,4,1.2760786951484102,0.6936000403555,High-income,Gusareva_2019_air
Gusareva_2019_air.sample_DYVR2096,4,1.1193978861945555,0.60029118356002,High-income,Gusareva_2019_air
Gusareva_2019_air.sample_DYVR2097,8,1.8654756229612044,0.8129685463664542,High-income,Gusareva_2019_air
Gusareva_2019_air.sample_DYVR2098,8,1.8737519730522947,0.8191969064415816,High-income,Gusareva_2019_air
Gusareva_2019_air.sample_DYVR2099,8,1.8943560326514315,0.8221012370136008,High-income,Gusareva_2019_air
Gusareva_2019_air.sample_DYVR2100,7,1.335581345843052,0.63565954816691,High-income,Gusareva_2019_air
Gusareva_2019_air.sample_DYVR2101,6,1.5172464877624559,0.7410740602814126,High-income,Gusareva_2019_air
Gusareva_2019_air.sample_DYVR2102,7,1.5926800847031792,0.7394371050062367,High-income,Gusareva_2019_air
Gusareva_2019_air.sample_DYVR2103,2,0.6747715312816549,0.48173718437888,High-income,Gusareva_2019_air
Gusareva_2019_air.sample_DYVR2104,0,0.0,0.0,High-income,Gusareva_2019_air
Gusareva_2019_air.sample_DYVR2105,0,0.0,0.0,High-income,Gusareva_2019_air
Gusareva_2019_air.sample_DYVR2106,2,0.10567093708800157,0.04300532051738326,High-income,Gusareva_2019_air
Gusareva_2019_air.sample_DYVR2107,2,0.18422820333325407,0.08637148840061548,High-income,Gusareva_2019_air
Gusareva_2019_air.sample_DYVR2108,2,0.25518183101202396,0.13122703397119184,High-income,Gusareva_2019_air
Gusareva_2019_air.sample_DYVR2111,1,-0.0,0.0,High-income,Gusareva_2019_air
Gusareva_2019_air.sample_DYVR2128,1,-0.0,0.0,High-income,Gusareva_2019_air
Gusareva_2019_air.sample_DYVR2133,1,-0.0,0.0,High-income,Gusareva_2019_air
Gusareva_2019_air.sample_DYVR2134,1,-0.0,0.0,High-income,Gusareva_2019_air
Gusareva_2019_air.sample_DYVR2135,1,-0.0,0.0,High-income,Gusareva_2019_air
Gusareva_2019_air.sample_DYVR2139,1,-0.0,0.0,High-income,Gusareva_2019_air
Gusareva_2019_air.sample_DYVR2140,1,-0.0,0.0,High-income,Gusareva_2019_air
Gusareva_2019_air.sample_DYVR2141,1,-0.0,0.0,High-income,Gusareva_2019_air
Gusareva_2019_air.sample_DYVR2142,1,-0.0,0.0,High-income,Gusareva_2019_air
Gusareva_2019_air.sample_DYVR2143,2,0.448749952503026,0.27627849341443544,High-income,Gusareva_2019_air
Gusareva_2019_air.sample_DYVR2144,3,0.8352115312495896,0.5140180150528255,High-income,Gusareva_2019_air
Gusareva_2019_air.sample_DYVR2166,3,0.9027370394155076,0.52950045994334,High-income,Gusareva_2019_air
Gusareva_2019_air.sample_DYVR2167,4,1.0660070034789952,0.5929181243113592,High-income,Gusareva_2019_air
Gusareva_2019_air.sample_DYVR2168,4,1.1533786056960877,0.6460850590613323,High-income,Gusareva_2019_air
Gusareva_2019_air.sample_DYVR2169,1,-0.0,0.0,High-income,Gusareva_2019_air
Gusareva_2019_air.sample_DYVR2170,1,-0.0,0.0,High-income,Gusareva_2019_air
Gusareva_2019_air.sample_DYVR2171,1,-0.0,0.0,High-income,Gusareva_2019_air
Gusareva_2019_air.sample_DYVR2172,3,0.8834629910881218,0.5261645362030707,High-income,Gusareva_2019_air
Gusareva_2019_air.sample_DYVR2173,3,0.859670142834891,0.5182141946068499,High-income,Gusareva_2019_air
Gusareva_2019_air.sample_DYVR2174,1,-0.0,0.0,High-income,Gusareva_2019_air
Gusareva_2019_air.sample_DYVR2178,4,0.71824062253943,0.38568811137739856,High-income,Gusareva_2019_air
Gusareva_2019_air.sample_DYVR2179,2,0.39574675996725384,0.23352217498486616,High-income,Gusareva_2019_air
Gusareva_2019_air.sample_DYVR2180,2,0.25450793956691176,0.13077818076556125,High-income,Gusareva_2019_air
Gusareva_2019_air.sample_DYVR3001,1,-0.0,0.0,High-income,Gusareva_2019_air
Gusareva_2019_air.sample_DYVR3002,1,-0.0,0.0,High-income,Gusareva_2019_air
Gusareva_2019_air.sample_DYVR3010,6,1.265692490441664,0.6470392129555302,High-income,Gusareva_2019_air
Gusareva_2019_air.sample_DYVR3012,6,1.6025501722409548,0.7648864150497894,High-income,Gusareva_2019_air
Gusareva_2019_air.sample_DYVR3013,7,1.82523121778131,0.8190399760798357,High-income,Gusareva_2019_air
Gusareva_2019_air.sample_DYVR3014,7,1.816490125466005,0.8215149891798355,High-income,Gusareva_2019_air
Gusareva_2019_air.sample_DYVR3015,6,1.5831889376627872,0.7759961421350439,High-income,Gusareva_2019_air
Gusareva_2019_air.sample_DYVR3016,7,1.6916672589831585,0.7996558861510422,High-income,Gusareva_2019_air
Gusareva_2019_air.sample_DYVR3017,4,1.342183798781527,0.7271032814921963,High-income,Gusareva_2019_air
Gusareva_2019_air.sample_DYVR3020,2,0.16723670338189917,0.07639068507648017,High-income,Gusareva_2019_air
Gusareva_2019_air.sample_DYVR3021,1,-0.0,0.0,High-income,Gusareva_2019_air
Gusareva_2019_air.sample_DYVR3022,7,1.628465403183495,0.7589616057166485,High-income,Gusareva_2019_air
Gusareva_2019_air.sample_DYVR3023,7,1.342068903920166,0.6766977781129139,High-income,Gusareva_2019_air
Gusareva_2019_air.sample_DYVR3024,8,1.8419746944223205,0.8049197656633816,High-income,Gusareva_2019_air
Gusareva_2019_air.sample_DYVR3025,1,-0.0,0.0,High-income,Gusareva_2019_air
Gusareva_2019_air.sample_DYVR3026,3,0.832635918718384,0.47652962737484494,High-income,Gusareva_2019_air
Gusareva_2019_air.sample_DYVR3027,3,0.7619038953891181,0.5025412774782207,High-income,Gusareva_2019_air
Gusareva_2019_air.sample_DYVR3028,4,1.2462624438457366,0.6925740292215956,High-income,Gusareva_2019_air
Gusareva_2019_air.sample_DYVR3029,4,1.2795872328527884,0.6964692023984388,High-income,Gusareva_2019_air
Gusareva_2019_air.sample_DYVR3030,6,1.5452246103137846,0.7445699314262991,High-income,Gusareva_2019_air
Gusareva_2019_air.sample_DYVR3031,3,0.8513872611592121,0.506805006305693,High-income,Gusareva_2019_air
Gusareva_2019_air.sample_DYVR3032,4,1.2319706095506064,0.6776599514662909,High-income,Gusareva_2019_air
Gusareva_2019_air.sample_DYVR3033,4,1.0041141605922819,0.5512220698149453,High-income,Gusareva_2019_air
Gusareva_2019_air.sample_DYVR3034,2,0.6927177363140458,0.49957061723174145,High-income,Gusareva_2019_air
Gusareva_2019_air.sample_DYVR3035,3,1.0606921275357593,0.6407207104581019,High-income,Gusareva_2019_air
Gusareva_2019_air.sample_DYVR3036,4,0.7521279000809402,0.4693476751510265,High-income,Gusareva_2019_air
Gusareva_2019_air.sample_DYVR3037,4,0.926763965117166,0.4976334173022924,High-income,Gusareva_2019_air
Gusareva_2019_air.sample_DYVR3038,5,1.030130197322995,0.4956135623555753,High-income,Gusareva_2019_air
Gusareva_2019_air.sample_DYVR3039,3,0.977796590311492,0.5833464060672038,High-income,Gusareva_2019_air
Gusareva_2019_air.sample_DYVR3040,3,0.6565262292105636,0.3657745479596193,High-income,Gusareva_2019_air
Gusareva_2019_air.sample_DYVR3041,6,1.505897436518291,0.7428735498419285,High-income,Gusareva_2019_air
Gusareva_2019_air.sample_DYVR3042,4,1.026563332718119,0.5790698286829343,High-income,Gusareva_2019_air
Gusareva_2019_air.sample_DYVR3043,5,0.9878832396771363,0.5788086418204123,High-income,Gusareva_2019_air
Gusareva_2019_air.sample_DYVR3044,2,0.543046953376666,0.3575753024243038,High-income,Gusareva_2019_air
Gusareva_2019_air.sample_DYVR3045,3,0.6401529606446267,0.3514613566934982,High-income,Gusareva_2019_air
Gusareva_2019_air.sample_DYVR3046,3,1.0102719576381558,0.6073534024165989,High-income,Gusareva_2019_air
Gusareva_2019_air.sample_DYVR3047,1,-0.0,0.0,High-income,Gusareva_2019_air
Gusareva_2019_air.sample_DYVR3048,3,0.85021135034628,0.527206272443919,High-income,Gusareva_2019_air
Gusareva_2019_air.sample_DYVR3058,1,-0.0,0.0,High-income,Gusareva_2019_air
Gusareva_2019_air.sample_DYVR3059,1,-0.0,0.0,High-income,Gusareva_2019_air
Gusareva_2019_air.sample_DYVR3060,1,-0.0,0.0,High-income,Gusareva_2019_air
Gusareva_2019_air.sample_DYVR3062,0,0.0,0.0,High-income,Gusareva_2019_air
Gusareva_2019_air.sample_DYVR3063,0,0.0,0.0,High-income,Gusareva_2019_air
Gusareva_2019_air.sample_DYVR3064,0,0.0,0.0,High-income,Gusareva_2019_air
Gusareva_2019_air.sample_DYVR3065,0,0.0,0.0,High-income,Gusareva_2019_air
Gusareva_2019_air.sample_DYVR3067,3,0.7109303443418351,0.40123606622559194,High-income,Gusareva_2019_air
Gusareva_2019_air.sample_DYVR3068,2,0.4739402921396739,0.29735226748237986,High-income,Gusareva_2019_air
Gusareva_2019_air.sample_DYVR3069,2,0.13205488817134342,0.05675099316522214,High-income,Gusareva_2019_air
Gusareva_2019_air.sample_DYVR3070,2,0.6177925570386493,0.4265580723129454,High-income,Gusareva_2019_air
Gusareva_2019_air.sample_DYVR3071,2,0.6792208153389112,0.4861384037088422,High-income,Gusareva_2019_air
Gusareva_2019_air.sample_DYVR3072,1,-0.0,0.0,High-income,Gusareva_2019_air
Gusareva_2019_air.sample_DYVR3085,5,1.22995569110484,0.6457763709172863,High-income,Gusareva_2019_air
Gusareva_2019_air.sample_DYVR3086,1,-0.0,0.0,High-income,Gusareva_2019_air
Gusareva_2019_air.sample_DYVR3097,1,-0.0,0.0,High-income,Gusareva_2019_air
Gusareva_2019_air.sample_DYVR3098,1,-0.0,0.0,High-income,Gusareva_2019_air
Gusareva_2019_air.sample_DYVR3099,1,-0.0,0.0,High-income,Gusareva_2019_air
Gusareva_2019_air.sample_DYVR3100,1,-0.0,0.0,High-income,Gusareva_2019_air
Gusareva_2019_air.sample_DYVR3101,2,0.4309165003082811,0.2616502483151719,High-income,Gusareva_2019_air
Gusareva_2019_air.sample_DYVR3102,2,0.08986863742589807,0.035216451715819774,High-income,Gusareva_2019_air
Gusareva_2019_air.sample_DYVR3103,2,0.3664028517299954,0.210801777022265,High-income,Gusareva_2019_air
Gusareva_2019_air.sample_DYVR3104,5,1.1121115425396217,0.6523271976054579,High-income,Gusareva_2019_air
Gusareva_2019_air.sample_DYVR3105,2,0.6475850699402093,0.45513417982712,High-income,Gusareva_2019_air
Gusareva_2019_air.sample_DYVR3109,0,0.0,0.0,High-income,Gusareva_2019_air
Gusareva_2019_air.sample_DYVR3110,0,0.0,0.0,High-income,Gusareva_2019_air
Gusareva_2019_air.sample_DYVR3112,1,-0.0,0.0,High-income,Gusareva_2019_air
Gusareva_2019_air.sample_DYVR3113,1,-0.0,0.0,High-income,Gusareva_2019_air
Gusareva_2019_air.sample_DYVR3114,1,-0.0,0.0,High-income,Gusareva_2019_air
Gusareva_2019_air.sample_DYVR3118,0,0.0,0.0,High-income,Gusareva_2019_air
Gusareva_2019_air.sample_DYVR3119,0,0.0,0.0,High-income,Gusareva_2019_air
Gusareva_2019_air.sample_DYVR3120,0,0.0,0.0,High-income,Gusareva_2019_air
Gusareva_2019_air.sample_DYVR3121,0,0.0,0.0,High-income,Gusareva_2019_air
Gusareva_2019_air.sample_DYVR3127,0,0.0,0.0,High-income,Gusareva_2019_air
Gusareva_2019_air.sample_DYVR3130,5,1.2016176188497605,0.6450028405114795,High-income,Gusareva_2019_air
Gusareva_2019_air.sample_DYVR3131,4,0.849182664979481,0.43793673258536836,High-income,Gusareva_2019_air
Gusareva_2019_air.sample_DYVR3132,2,0.4524946172662566,0.27938092042111995,High-income,Gusareva_2019_air
Gusareva_2019_air.sample_DYVR3136,0,0.0,0.0,High-income,Gusareva_2019_air
Gusareva_2019_air.sample_DYVR3139,2,0.6744059118781718,0.481376105572904,High-income,Gusareva_2019_air
Gusareva_2019_air.sample_DYVR3140,2,0.692960807675416,0.4998136386940425,High-income,Gusareva_2019_air
Gusareva_2019_air.sample_DYVR3141,2,0.6864842483643225,0.4933518792252046,High-income,Gusareva_2019_air
Gusareva_2019_air.sample_DYVR3144,0,0.0,0.0,High-income,Gusareva_2019_air
Gusareva_2019_air.sample_DYVR3152,0,0.0,0.0,High-income,Gusareva_2019_air
Gusareva_2019_air.sample_DYVR3163,1,-0.0,0.0,High-income,Gusareva_2019_air
Gusareva_2019_air.sample_DYVR3170,0,0.0,0.0,High-income,Gusareva_2019_air
Gusareva_2019_air.sample_DYVR3171,0,0.0,0.0,High-income,Gusareva_2019_air
Gusareva_2019_air.sample_DYVR3172,2,0.624771012292932,0.4331970835123924,High-income,Gusareva_2019_air
Gusareva_2019_air.sample_DYVR3173,2,0.4157313202943367,0.2493871179813545,High-income,Gusareva_2019_air
Gusareva_2019_air.sample_DYVR3174,1,-0.0,0.0,High-income,Gusareva_2019_air
Gusareva_2019_air.sample_DYVR3175,3,0.9783256202892076,0.5925609466196703,High-income,Gusareva_2019_air
Gusareva_2019_air.sample_DYVR3176,2,0.45859466366029555,0.28445749581306656,High-income,Gusareva_2019_air
Gusareva_2019_air.sample_DYVR3177,4,1.0691199398086346,0.606526941243348,High-income,Gusareva_2019_air
Gusareva_2019_air.sample_DYVR3178,3,0.34430040340818524,0.15743388882650355,High-income,Gusareva_2019_air
Gusareva_2019_air.sample_DYVR3179,1,-0.0,0.0,High-income,Gusareva_2019_air
Gusareva_2019_air.sample_DYVR3180,3,0.6957290561492817,0.3819946735894201,High-income,Gusareva_2019_air
Gusareva_2019_air.sample_DYVR4001,1,-0.0,0.0,High-income,Gusareva_2019_air
Gusareva_2019_air.sample_DYVR4003,1,-0.0,0.0,High-income,Gusareva_2019_air
Gusareva_2019_air.sample_DYVR4004,1,-0.0,0.0,High-income,Gusareva_2019_air
Gusareva_2019_air.sample_DYVR4005,1,-0.0,0.0,High-income,Gusareva_2019_air
Gusareva_2019_air.sample_DYVR4006,1,-0.0,0.0,High-income,Gusareva_2019_air
Gusareva_2019_air.sample_DYVR4007,0,0.0,0.0,High-income,Gusareva_2019_air
Gusareva_2019_air.sample_DYVR4025,1,-0.0,0.0,High-income,Gusareva_2019_air
Gusareva_2019_air.sample_DYVR4026,1,-0.0,0.0,High-income,Gusareva_2019_air
Gusareva_2019_air.sample_DYVR4027,1,-0.0,0.0,High-income,Gusareva_2019_air
Gusareva_2019_air.sample_DYVR4028,2,0.682742903337106,0.48963185614014637,High-income,Gusareva_2019_air
Gusareva_2019_air.sample_DYVR4029,1,-0.0,0.0,High-income,Gusareva_2019_air
Gusareva_2019_air.sample_DYVR4030,3,1.0217096048549383,0.6122545831846093,High-income,Gusareva_2019_air
Gusareva_2019_air.sample_DYVR4031,5,1.3753344378936476,0.7329198677348627,High-income,Gusareva_2019_air
Gusareva_2019_air.sample_DYVR4032,2,0.08910940985932594,0.03485116423278045,High-income,Gusareva_2019_air
Gusareva_2019_air.sample_DYVR4033,3,0.47305539962677734,0.2934964917826903,High-income,Gusareva_2019_air
Gusareva_2019_air.sample_DYVR4035,0,0.0,0.0,High-income,Gusareva_2019_air
Gusareva_2019_air.sample_DYVR4036,0,0.0,0.0,High-income,Gusareva_2019_air
Gusareva_2019_air.sample_DYVR4043,1,-0.0,0.0,High-income,Gusareva_2019_air
Gusareva_2019_air.sample_DYVR4044,1,-0.0,0.0,High-income,Gusareva_2019_air
Gusareva_2019_air.sample_DYVR4045,1,-0.0,0.0,High-income,Gusareva_2019_air
Gusareva_2019_air.sample_DYVR4058,9,1.8497096382796834,0.812661465901142,High-income,Gusareva_2019_air
Gusareva_2019_air.sample_DYVR4059,8,1.846683595653733,0.8134864726357758,High-income,Gusareva_2019_air
Gusareva_2019_air.sample_DYVR4060,10,2.0318223449103634,0.8447932916491556,High-income,Gusareva_2019_air
Gusareva_2019_air.sample_DYVR4061,9,2.04060127542075,0.8547304082427777,High-income,Gusareva_2019_air
Gusareva_2019_air.sample_DYVR4062,8,1.862337892477528,0.8237260183050044,High-income,Gusareva_2019_air
Gusareva_2019_air.sample_DYVR4063,8,1.9318734442680496,0.8412396812077675,High-income,Gusareva_2019_air
Gusareva_2019_air.sample_DYVR4065,5,1.3414825937125612,0.6943138033820463,High-income,Gusareva_2019_air
Gusareva_2019_air.sample_DYVR4066,9,1.7817277255984396,0.7920540604621276,High-income,Gusareva_2019_air
Gusareva_2019_air.sample_DYVR4067,0,0.0,0.0,High-income,Gusareva_2019_air
Gusareva_2019_air.sample_DYVR4068,2,0.36207985263067005,0.2075132524863199,High-income,Gusareva_2019_air
Gusareva_2019_air.sample_DYVR4069,6,1.4865764392854353,0.7274184018487324,High-income,Gusareva_2019_air
Gusareva_2019_air.sample_DYVR4070,2,0.17548197426196777,0.08119514490797997,High-income,Gusareva_2019_air
Gusareva_2019_air.sample_DYVR4072,2,0.6584626820316635,0.465718400102736,High-income,Gusareva_2019_air
Gusareva_2019_air.sample_DYVR4073,1,-0.0,0.0,High-income,Gusareva_2019_air
Gusareva_2019_air.sample_DYVR4074,1,-0.0,0.0,High-income,Gusareva_2019_air
Gusareva_2019_air.sample_DYVR4075,1,-0.0,0.0,High-income,Gusareva_2019_air
Gusareva_2019_air.sample_DYVR4094,4,1.2248534095902395,0.670175572361541,High-income,Gusareva_2019_air
Gusareva_2019_air.sample_DYVR4095,4,1.2328350722012102,0.67354586407422,High-income,Gusareva_2019_air
Gusareva_2019_air.sample_DYVR4096,4,1.060300844386185,0.5943995784552261,High-income,Gusareva_2019_air
Gusareva_2019_air.sample_DYVR4097,5,1.227273100284237,0.6684956877985158,High-income,Gusareva_2019_air
Gusareva_2019_air.sample_DYVR4098,7,1.749941978381225,0.8052202809884368,High-income,Gusareva_2019_air
Gusareva_2019_air.sample_DYVR4099,4,1.1592342561930025,0.6503193454639769,High-income,Gusareva_2019_air
Gusareva_2019_air.sample_DYVR4100,1,-0.0,0.0,High-income,Gusareva_2019_air
Gusareva_2019_air.sample_DYVR4101,2,0.5238501440998626,0.3404974869966082,High-income,Gusareva_2019_air
Gusareva_2019_air.sample_DYVR4102,2,0.471305413851516,0.2951256575483081,High-income,Gusareva_2019_air
Gusareva_2019_air.sample_DYVR4103,2,0.6468126341545302,0.45438563120432196,High-income,Gusareva_2019_air
Gusareva_2019_air.sample_DYVR4104,3,0.7910199459158138,0.5233208398376775,High-income,Gusareva_2019_air
Gusareva_2019_air.sample_DYVR4105,2,0.6590479202989985,0.4662901251706866,High-income,Gusareva_2019_air
Gusareva_2019_air.sample_DYVR4106,1,-0.0,0.0,High-income,Gusareva_2019_air
Gusareva_2019_air.sample_DYVR4107,0,0.0,0.0,High-income,Gusareva_2019_air
Gusareva_2019_air.sample_DYVR4108,2,0.5071103664603462,0.3258229945801887,High-income,Gusareva_2019_air
Gusareva_2019_air.sample_DYVR4109,1,-0.0,0.0,High-income,Gusareva_2019_air
Gusareva_2019_air.sample_DYVR4110,0,0.0,0.0,High-income,Gusareva_2019_air
Gusareva_2019_air.sample_DYVR4111,1,-0.0,0.0,High-income,Gusareva_2019_air
Gusareva_2019_air.sample_DYVR4113,1,-0.0,0.0,High-income,Gusareva_2019_air
Gusareva_2019_air.sample_DYVR4118,2,0.6117826719318743,0.42086739599232004,High-income,Gusareva_2019_air
Gusareva_2019_air.sample_DYVR4130,1,-0.0,0.0,High-income,Gusareva_2019_air
Gusareva_2019_air.sample_DYVR4135,0,0.0,0.0,High-income,Gusareva_2019_air
Gusareva_2019_air.sample_DYVR4136,1,-0.0,0.0,High-income,Gusareva_2019_air
Gusareva_2019_air.sample_DYVR4137,1,-0.0,0.0,High-income,Gusareva_2019_air
Gusareva_2019_air.sample_DYVR4138,1,-0.0,0.0,High-income,Gusareva_2019_air
Gusareva_2019_air.sample_DYVR4139,1,-0.0,0.0,High-income,Gusareva_2019_air
Gusareva_2019_air.sample_DYVR4140,1,-0.0,0.0,High-income,Gusareva_2019_air
Gusareva_2019_air.sample_DYVR4141,2,0.6273834374111222,0.43569104220222,High-income,Gusareva_2019_air
Gusareva_2019_air.sample_DYVR4142,1,-0.0,0.0,High-income,Gusareva_2019_air
Gusareva_2019_air.sample_DYVR4143,1,-0.0,0.0,High-income,Gusareva_2019_air
Gusareva_2019_air.sample_DYVR4144,2,0.4833838260728647,0.3053750497960077,High-income,Gusareva_2019_air
Gusareva_2019_air.sample_DYVR4157,0,0.0,0.0,High-income,Gusareva_2019_air
Gusareva_2019_air.sample_DYVR4159,0,0.0,0.0,High-income,Gusareva_2019_air
Gusareva_2019_air.sample_DYVR4163,0,0.0,0.0,High-income,Gusareva_2019_air
Gusareva_2019_air.sample_DYVR4166,1,-0.0,0.0,High-income,Gusareva_2019_air
Gusareva_2019_air.sample_DYVR4167,1,-0.0,0.0,High-income,Gusareva_2019_air
Gusareva_2019_air.sample_DYVR4168,1,-0.0,0.0,High-income,Gusareva_2019_air
Gusareva_2019_air.sample_DYVR4175,2,0.5698533519505514,0.3818633520967524,High-income,Gusareva_2019_air
Gusareva_2019_air.sample_DYVR4176,1,-0.0,0.0,High-income,Gusareva_2019_air
Gusareva_2019_air.sample_DYVR4177,1,-0.0,0.0,High-income,Gusareva_2019_air
Gusareva_2019_air.sample_DYVR4178,0,0.0,0.0,High-income,Gusareva_2019_air
Gusareva_2019_air.sample_DYVR5003,0,0.0,0.0,High-income,Gusareva_2019_air
Gusareva_2019_air.sample_DYVR5013,1,-0.0,0.0,High-income,Gusareva_2019_air
Gusareva_2019_air.sample_DYVR5015,1,-0.0,0.0,High-income,Gusareva_2019_air
Gusareva_2019_air.sample_DYVR5020,1,-0.0,0.0,High-income,Gusareva_2019_air
Gusareva_2019_air.sample_DYVR5022,6,1.6076583401920466,0.7791690941251748,High-income,Gusareva_2019_air
Gusareva_2019_air.sample_DYVR5023,6,1.520208299649459,0.7457798186568322,High-income,Gusareva_2019_air
Gusareva_2019_air.sample_DYVR5024,6,1.6984782614469407,0.8021745138849146,High-income,Gusareva_2019_air
Gusareva_2019_air.sample_DYVR5025,4,1.0848108256412892,0.6294983497610609,High-income,Gusareva_2019_air
Gusareva_2019_air.sample_DYVR5026,7,1.7671009104189388,0.810613015794807,High-income,Gusareva_2019_air
Gusareva_2019_air.sample_DYVR5027,6,1.5645096356068708,0.752593072100293,High-income,Gusareva_2019_air
Gusareva_2019_air.sample_DYVR5028,6,1.4542959688198218,0.721681496375989,High-income,Gusareva_2019_air
Gusareva_2019_air.sample_DYVR5029,7,0.8538509532357536,0.3576865700713513,High-income,Gusareva_2019_air
Gusareva_2019_air.sample_DYVR5030,7,1.1528288543458642,0.5453974408452644,High-income,Gusareva_2019_air
Gusareva_2019_air.sample_DYVR5031,4,0.8086218572305779,0.43038813421868094,High-income,Gusareva_2019_air
Gusareva_2019_air.sample_DYVR5032,4,0.7415032199556726,0.37301886367413994,High-income,Gusareva_2019_air
Gusareva_2019_air.sample_DYVR5033,2,0.5496767331711662,0.3635346750855527,High-income,Gusareva_2019_air
Gusareva_2019_air.sample_DYVR5034,3,0.2715014977492975,0.136678599748014,High-income,Gusareva_2019_air
Gusareva_2019_air.sample_DYVR5035,1,-0.0,0.0,High-income,Gusareva_2019_air
Gusareva_2019_air.sample_DYVR5036,1,-0.0,0.0,High-income,Gusareva_2019_air
Gusareva_2019_air.sample_DYVR5037,1,-0.0,0.0,High-income,Gusareva_2019_air
Gusareva_2019_air.sample_DYVR5038,2,0.006267797709205508,0.0015326515540035057,High-income,Gusareva_2019_air
Gusareva_2019_air.sample_DYVR5039,1,-0.0,0.0,High-income,Gusareva_2019_air
Gusareva_2019_air.sample_DYVR5040,2,0.067719409942392,0.024920924455024585,High-income,Gusareva_2019_air
Gusareva_2019_air.sample_DYVR5041,1,-0.0,0.0,High-income,Gusareva_2019_air
Gusareva_2019_air.sample_DYVR5042,1,-0.0,0.0,High-income,Gusareva_2019_air
Gusareva_2019_air.sample_DYVR5043,1,-0.0,0.0,High-income,Gusareva_2019_air
Gusareva_2019_air.sample_DYVR5044,1,-0.0,0.0,High-income,Gusareva_2019_air
Gusareva_2019_air.sample_DYVR5045,1,-0.0,0.0,High-income,Gusareva_2019_air
Gusareva_2019_air.sample_DYVR5051,1,-0.0,0.0,High-income,Gusareva_2019_air
Gusareva_2019_air.sample_DYVR5058,2,0.6183713430371118,0.4271074310743801,High-income,Gusareva_2019_air
Gusareva_2019_air.sample_DYVR5059,2,0.6637670745111961,0.47090877146592003,High-income,Gusareva_2019_air
Gusareva_2019_air.sample_DYVR5060,1,-0.0,0.0,High-income,Gusareva_2019_air
Gusareva_2019_air.sample_DYVR5061,7,1.6083316543845736,0.7322045617605546,High-income,Gusareva_2019_air
Gusareva_2019_air.sample_DYVR5062,3,0.8621021179384947,0.49639532282361254,High-income,Gusareva_2019_air
Gusareva_2019_air.sample_DYVR5063,6,1.3407131998396058,0.6506687255704091,High-income,Gusareva_2019_air
Gusareva_2019_air.sample_DYVR5064,3,0.633975227412567,0.3563659160510718,High-income,Gusareva_2019_air
Gusareva_2019_air.sample_DYVR5065,6,1.2567044905452456,0.5852798677774005,High-income,Gusareva_2019_air
Gusareva_2019_air.sample_DYVR5066,5,1.1236653097453937,0.6211775308473162,High-income,Gusareva_2019_air
Gusareva_2019_air.sample_DYVR5067,2,0.6930001202431926,0.49985294689230086,High-income,Gusareva_2019_air
Gusareva_2019_air.sample_DYVR5068,3,1.0151016904866614,0.6148366104671289,High-income,Gusareva_2019_air
Gusareva_2019_air.sample_DYVR5069,5,1.382822636848792,0.7197449875025502,High-income,Gusareva_2019_air
Gusareva_2019_air.sample_DYVR5070,1,-0.0,0.0,High-income,Gusareva_2019_air
Gusareva_2019_air.sample_DYVR5071,1,-0.0,0.0,High-income,Gusareva_2019_air
Gusareva_2019_air.sample_DYVR5072,1,-0.0,0.0,High-income,Gusareva_2019_air
Gusareva_2019_air.sample_DYVR5088,1,-0.0,0.0,High-income,Gusareva_2019_air
Gusareva_2019_air.sample_DYVR5089,1,-0.0,0.0,High-income,Gusareva_2019_air
Gusareva_2019_air.sample_DYVR5093,1,-0.0,0.0,High-income,Gusareva_2019_air
Gusareva_2019_air.sample_DYVR5097,4,1.0881969511526597,0.61747290335688,High-income,Gusareva_2019_air
Gusareva_2019_air.sample_DYVR5098,2,0.6920470940405736,0.49890031693661996,High-income,Gusareva_2019_air
Gusareva_2019_air.sample_DYVR5099,2,0.6914657223869026,0.49831948447232,High-income,Gusareva_2019_air
Gusareva_2019_air.sample_DYVR5101,1,-0.0,0.0,High-income,Gusareva_2019_air
Gusareva_2019_air.sample_DYVR5102,0,0.0,0.0,High-income,Gusareva_2019_air
Gusareva_2019_air.sample_DYVR5103,4,1.2775142307299039,0.7012068266511784,High-income,Gusareva_2019_air
Gusareva_2019_air.sample_DYVR5104,8,1.648632324645818,0.7619630463758102,High-income,Gusareva_2019_air
Gusareva_2019_air.sample_DYVR5108,1,-0.0,0.0,High-income,Gusareva_2019_air
Gusareva_2019_air.sample_DYVR5109,0,0.0,0.0,High-income,Gusareva_2019_air
Gusareva_2019_air.sample_DYVR5110,0,0.0,0.0,High-income,Gusareva_2019_air
Gusareva_2019_air.sample_DYVR5111,2,0.6742646194063486,0.4812365918573419,High-income,Gusareva_2019_air
Gusareva_2019_air.sample_DYVR5112,1,-0.0,0.0,High-income,Gusareva_2019_air
Gusareva_2019_air.sample_DYVR5113,1,-0.0,0.0,High-income,Gusareva_2019_air
Gusareva_2019_air.sample_DYVR5114,1,-0.0,0.0,High-income,Gusareva_2019_air
Gusareva_2019_air.sample_DYVR5121,2,0.6577175688663826,0.46499082687198,High-income,Gusareva_2019_air
Gusareva_2019_air.sample_DYVR5122,6,1.7098114936178166,0.8083879620442049,High-income,Gusareva_2019_air
Gusareva_2019_air.sample_DYVR5123,1,-0.0,0.0,High-income,Gusareva_2019_air
Gusareva_2019_air.sample_DYVR5124,1,-0.0,0.0,High-income,Gusareva_2019_air
Gusareva_2019_air.sample_DYVR5125,0,0.0,0.0,High-income,Gusareva_2019_air
Gusareva_2019_air.sample_DYVR5126,1,-0.0,0.0,High-income,Gusareva_2019_air
Gusareva_2019_air.sample_DYVR5133,0,0.0,0.0,High-income,Gusareva_2019_air
Gusareva_2019_air.sample_DYVR5134,2,0.5948871065800156,0.4050031066049111,High-income,Gusareva_2019_air
Gusareva_2019_air.sample_DYVR5136,4,0.9725680688504095,0.5531452146394034,High-income,Gusareva_2019_air
Gusareva_2019_air.sample_DYVR5137,5,1.3053330701305736,0.6744320304285857,High-income,Gusareva_2019_air
Gusareva_2019_air.sample_DYVR5138,3,0.9670425385205585,0.5915773668628546,High-income,Gusareva_2019_air
Gusareva_2019_air.sample_DYVR5139,5,1.160158431266029,0.6257705580136121,High-income,Gusareva_2019_air
Gusareva_2019_air.sample_DYVR5140,11,1.7992857908229338,0.7806191576825717,High-income,Gusareva_2019_air
Gusareva_2019_air.sample_DYVR5141,6,1.5477426290815939,0.7439418695508673,High-income,Gusareva_2019_air
Gusareva_2019_air.sample_DYVR5142,1,-0.0,0.0,High-income,Gusareva_2019_air
Gusareva_2019_air.sample_DYVR5143,1,-0.0,0.0,High-income,Gusareva_2019_air
Gusareva_2019_air.sample_DYVR5144,1,-0.0,0.0,High-income,Gusareva_2019_air
Gusareva_2019_air.sample_DYVR5151,1,-0.0,0.0,High-income,Gusareva_2019_air
Gusareva_2019_air.sample_DYVR5152,1,-0.0,0.0,High-income,Gusareva_2019_air
Gusareva_2019_air.sample_DYVR5153,1,-0.0,0.0,High-income,Gusareva_2019_air
Gusareva_2019_air.sample_DYVR5154,1,-0.0,0.0,High-income,Gusareva_2019_air
Gusareva_2019_air.sample_DYVR5155,1,-0.0,0.0,High-income,Gusareva_2019_air
Gusareva_2019_air.sample_DYVR5156,1,-0.0,0.0,High-income,Gusareva_2019_air
Gusareva_2019_air.sample_DYVR5172,0,0.0,0.0,High-income,Gusareva_2019_air
Gusareva_2019_air.sample_DYVR5174,1,-0.0,0.0,High-income,Gusareva_2019_air
Gusareva_2019_air.sample_DYVR5175,3,0.9235938682793321,0.5405901591131642,High-income,Gusareva_2019_air
Gusareva_2019_air.sample_DYVR5176,3,0.2950103112989695,0.12918694796388885,High-income,Gusareva_2019_air
Gusareva_2019_air.sample_DYVR5177,3,0.8192789161989207,0.5281166433822628,High-income,Gusareva_2019_air
Gusareva_2019_air.sample_DYVR5178,7,1.5460285528945217,0.7180547824128762,High-income,Gusareva_2019_air
Gusareva_2019_air.sample_DYVR5179,17,2.1655911050902934,0.8101378667659338,High-income,Gusareva_2019_air
Lax_2014_home_microbiome_project.sample_Bathroom_Door_Knob_2,2,0.08087441876113258,0.030944019790379862,High-income,Lax_2014_home_microbiome_project
Lax_2014_home_microbiome_project.sample_Bathroom_Door_Knob_4,1,-0.0,0.0,High-income,Lax_2014_home_microbiome_project
Lax_2014_home_microbiome_project.sample_Kitchen_Counter_3,2,0.5003218692862593,0.3199302732487801,High-income,Lax_2014_home_microbiome_project
Li_2021_bioremediation.sample_JL1,1,-0.0,0.0,Upper-middle-income,Li_2021_bioremediation
Li_2021_bioremediation.sample_JL10,2,0.013295509917314034,0.0036317749572616354,Upper-middle-income,Li_2021_bioremediation
Li_2021_bioremediation.sample_JL11,3,0.5833105403789712,0.32731757126630245,Upper-middle-income,Li_2021_bioremediation
Li_2021_bioremediation.sample_JL12,2,0.0005217118155120417,9.5268909295676e-05,Upper-middle-income,Li_2021_bioremediation
Li_2021_bioremediation.sample_JL13,2,0.0012610691538595957,0.0002527910520127019,Upper-middle-income,Li_2021_bioremediation
Li_2021_bioremediation.sample_JL14,2,0.593244016882655,0.40347088800177966,Upper-middle-income,Li_2021_bioremediation
Li_2021_bioremediation.sample_JL15,5,0.27359163225319794,0.1095364516900762,Upper-middle-income,Li_2021_bioremediation
Li_2021_bioremediation.sample_JL16,2,0.023798214574179244,0.007155773693807266,Upper-middle-income,Li_2021_bioremediation
Li_2021_bioremediation.sample_JL17,4,0.25506242429776627,0.12597391191956486,Upper-middle-income,Li_2021_bioremediation
Li_2021_bioremediation.sample_JL18,5,0.7324393662746804,0.3764552279903869,Upper-middle-income,Li_2021_bioremediation
Li_2021_bioremediation.sample_JL19,2,0.020839847662538363,0.006125036598631395,Upper-middle-income,Li_2021_bioremediation
Li_2021_bioremediation.sample_JL2,3,0.193199883656056,0.07873533587691373,Upper-middle-income,Li_2021_bioremediation
Li_2021_bioremediation.sample_JL20,2,0.011887814996105722,0.003191377957913133,Upper-middle-income,Li_2021_bioremediation
Li_2021_bioremediation.sample_JL21,4,0.14579213122324572,0.0567571646885644,Upper-middle-income,Li_2021_bioremediation
Li_2021_bioremediation.sample_JL22,4,1.1679664308700946,0.6427825620760301,Upper-middle-income,Li_2021_bioremediation
Li_2021_bioremediation.sample_JL23,4,0.7824083270647388,0.4376247697744339,Upper-middle-income,Li_2021_bioremediation
Li_2021_bioremediation.sample_JL24,4,1.1245795109272245,0.6613728246330863,Upper-middle-income,Li_2021_bioremediation
Li_2021_bioremediation.sample_JL25,3,0.03207151379348161,0.009880492615635839,Upper-middle-income,Li_2021_bioremediation
Li_2021_bioremediation.sample_JL27,1,-0.0,0.0,Upper-middle-income,Li_2021_bioremediation
Li_2021_bioremediation.sample_JL28,3,0.007904363243760853,0.0018282574901089532,Upper-middle-income,Li_2021_bioremediation
Li_2021_bioremediation.sample_JL29,5,1.1934063355511826,0.6532707832797233,Upper-middle-income,Li_2021_bioremediation
Li_2021_bioremediation.sample_JL3,2,0.6920686281164774,0.49892183537078805,Upper-middle-income,Li_2021_bioremediation
Li_2021_bioremediation.sample_JL30,1,-0.0,0.0,Upper-middle-income,Li_2021_bioremediation
Li_2021_bioremediation.sample_JL31,3,0.35393242503841993,0.1798714103851352,Upper-middle-income,Li_2021_bioremediation
Li_2021_bioremediation.sample_JL32,2,0.23537672095869444,0.11821300411091085,Upper-middle-income,Li_2021_bioremediation
Li_2021_bioremediation.sample_JL33,3,0.34042832085881086,0.19103320543905244,Upper-middle-income,Li_2021_bioremediation
Li_2021_bioremediation.sample_JL34,4,1.041254182802518,0.6181824419696795,Upper-middle-income,Li_2021_bioremediation
Li_2021_bioremediation.sample_JL35,3,0.033068200880353955,0.0093464875619228,Upper-middle-income,Li_2021_bioremediation
Li_2021_bioremediation.sample_JL4,2,0.23830771237471454,0.12011561984100583,Upper-middle-income,Li_2021_bioremediation
Li_2021_bioremediation.sample_JL41,2,0.24059388905849713,0.1216053377827746,Upper-middle-income,Li_2021_bioremediation
Li_2021_bioremediation.sample_JL42,3,0.04535620412370513,0.013729173823255114,Upper-middle-income,Li_2021_bioremediation
Li_2021_bioremediation.sample_JL43,2,0.18689601367740355,0.08796653530697807,Upper-middle-income,Li_2021_bioremediation
Li_2021_bioremediation.sample_JL44,3,0.7143681922961671,0.5032790680338234,Upper-middle-income,Li_2021_bioremediation
Li_2021_bioremediation.sample_JL45,3,0.0521233835270653,0.017961097900290435,Upper-middle-income,Li_2021_bioremediation
Li_2021_bioremediation.sample_JL46,7,0.7491111919080304,0.3552343408852753,Upper-middle-income,Li_2021_bioremediation
Li_2021_bioremediation.sample_JL47,2,0.03435460434069638,0.011035944281523768,Upper-middle-income,Li_2021_bioremediation
Li_2021_bioremediation.sample_JL48,1,-0.0,0.0,Upper-middle-income,Li_2021_bioremediation
Li_2021_bioremediation.sample_JL49,5,1.1017609240737507,0.5938677617661092,Upper-middle-income,Li_2021_bioremediation
Li_2021_bioremediation.sample_JL5,2,0.0213312945177423,0.0062943626502636185,Upper-middle-income,Li_2021_bioremediation
Li_2021_bioremediation.sample_JL50,1,-0.0,0.0,Upper-middle-income,Li_2021_bioremediation
Li_2021_bioremediation.sample_JL52-1,1,-0.0,0.0,Upper-middle-income,Li_2021_bioremediation
Li_2021_bioremediation.sample_JL52-2,1,-0.0,0.0,Upper-middle-income,Li_2021_bioremediation
Li_2021_bioremediation.sample_JL53,1,-0.0,0.0,Upper-middle-income,Li_2021_bioremediation
Li_2021_bioremediation.sample_JL54,1,-0.0,0.0,Upper-middle-income,Li_2021_bioremediation
Li_2021_bioremediation.sample_JL55,1,-0.0,0.0,Upper-middle-income,Li_2021_bioremediation
Li_2021_bioremediation.sample_JL56,1,-0.0,0.0,Upper-middle-income,Li_2021_bioremediation
Li_2021_bioremediation.sample_JL57,2,0.5221567003250078,0.3390037232117209,Upper-middle-income,Li_2021_bioremediation
Li_2021_bioremediation.sample_JL58,4,0.6645741507580846,0.4342211715380846,Upper-middle-income,Li_2021_bioremediation
Li_2021_bioremediation.sample_JL59,3,0.31837350314499946,0.14770189665925293,Upper-middle-income,Li_2021_bioremediation
Li_2021_bioremediation.sample_JL6,5,0.0983196050556269,0.03249179949068515,Upper-middle-income,Li_2021_bioremediation
Li_2021_bioremediation.sample_JL60,2,0.05209852156417668,0.018149487454408808,Upper-middle-income,Li_2021_bioremediation
Li_2021_bioremediation.sample_JL61,0,0.0,0.0,Upper-middle-income,Li_2021_bioremediation
Li_2021_bioremediation.sample_JL62,1,-0.0,0.0,Upper-middle-income,Li_2021_bioremediation
Li_2021_bioremediation.sample_JL63,1,-0.0,0.0,Upper-middle-income,Li_2021_bioremediation
Li_2021_bioremediation.sample_JL64,0,0.0,0.0,Upper-middle-income,Li_2021_bioremediation
Li_2021_bioremediation.sample_JL65,0,0.0,0.0,Upper-middle-income,Li_2021_bioremediation
Li_2021_bioremediation.sample_JL66,1,-0.0,0.0,Upper-middle-income,Li_2021_bioremediation
Li_2021_bioremediation.sample_JL67,7,1.47445023474014,0.7484996200824492,Upper-middle-income,Li_2021_bioremediation
Li_2021_bioremediation.sample_JL7,2,0.08215858711964368,0.031546580301306415,Upper-middle-income,Li_2021_bioremediation
Li_2021_bioremediation.sample_JL72,4,0.8670076496929902,0.5296754624303524,Upper-middle-income,Li_2021_bioremediation
Li_2021_bioremediation.sample_JL8,4,1.2128707523941797,0.6631868133174246,Upper-middle-income,Li_2021_bioremediation
Li_2021_bioremediation.sample_JL9,2,0.0025764067242439277,0.0005612714101372873,Upper-middle-income,Li_2021_bioremediation
Lin_2021_money.kitD,2,0.6352520340207637,0.44323107187240496,High-income,Lin_2021_money
Lin_2021_money.kitR,22,1.9919919869668037,0.8021289368553963,Upper-middle-income,Lin_2021_money
Lin_2021_money.steD,2,0.36883013841127515,0.21265488600007498,High-income,Lin_2021_money
Lin_2021_money.steR,23,1.9310759290269695,0.7923362511549837,Upper-middle-income,Lin_2021_money
Maritz_2017_money.sample_NYC_Culture_bills,14,1.4057412096033137,0.6244272579839125,High-income,Maritz_2017_money
Maritz_2017_money.sample_NYC_Summer_bills,107,1.4696567021002807,0.47260967227344086,High-income,Maritz_2017_money
Maritz_2017_money.sample_NYC_Winter_bills,244,2.4523885141028448,0.7507815136527378,High-income,Maritz_2017_money
Ng_2017_wastewater.sample_BB,27,2.0061584289368044,0.7875893634020554,High-income,Ng_2017_wastewater
Ng_2017_wastewater.sample_BH,6,1.2947138276115702,0.6462673462846289,High-income,Ng_2017_wastewater
Ng_2017_wastewater.sample_BI,5,1.1519823775783837,0.5840296076444372,High-income,Ng_2017_wastewater
Ng_2017_wastewater.sample_H1,88,3.5181111322295937,0.9532221678365723,High-income,Ng_2017_wastewater
Ng_2017_wastewater.sample_H2,127,3.8035251646025454,0.9637521313240967,High-income,Ng_2017_wastewater
Ng_2017_wastewater.sample_H3,124,3.8994644358871415,0.9667500697728177,High-income,Ng_2017_wastewater
Ng_2017_wastewater.sample_H4,145,3.9853135115271963,0.9662537342725044,High-income,Ng_2017_wastewater
Ng_2017_wastewater.sample_H5,119,3.575040940291715,0.9459706903436748,High-income,Ng_2017_wastewater
Ng_2017_wastewater.sample_MA,0,0.0,0.0,High-income,Ng_2017_wastewater
Ng_2017_wastewater.sample_RA,0,0.0,0.0,High-income,Ng_2017_wastewater
Ng_2017_wastewater.sample_TW1,8,1.5107204065248072,0.7454635772464594,High-income,Ng_2017_wastewater
Ng_2017_wastewater.sample_TW2,6,0.9398061453093435,0.5023612237798107,High-income,Ng_2017_wastewater
Ng_2017_wastewater.sample_WW,144,3.342140211116897,0.8908918180182217,High-income,Ng_2017_wastewater
Ng_2019_wastewater.sample_INF-Aug-2017,18,1.191976857331042,0.6334649022644592,High-income,Ng_2019_wastewater
Ng_2019_wastewater.sample_INF-Jan-2016,18,1.491832722830192,0.7134923958290971,High-income,Ng_2019_wastewater
Ng_2019_wastewater.sample_INF-Mar-2017,7,1.2978945405099418,0.6660457512604534,High-income,Ng_2019_wastewater
Ng_2019_wastewater.sample_INF-May-2017,25,1.544283680595143,0.7003664377161969,High-income,Ng_2019_wastewater
Ng_2019_wastewater.sample_INF-Nov-2016,14,1.1074696900540837,0.5953300319553241,High-income,Ng_2019_wastewater
Ng_2019_wastewater.sample_INF-Oct-2016,11,1.4652749997473271,0.6969097393956546,High-income,Ng_2019_wastewater
Ng_2019_wastewater.sample_MBR-Aug-2017,157,2.294182068507368,0.7772389995529128,High-income,Ng_2019_wastewater
Ng_2019_wastewater.sample_MBR-Jan-2017,180,2.4986596934312324,0.8147062588381085,High-income,Ng_2019_wastewater
Ng_2019_wastewater.sample_MBR-Mar-2017,171,2.1177892999382983,0.7577074471883647,High-income,Ng_2019_wastewater
Ng_2019_wastewater.sample_MBR-May-2017,167,2.7800367688535457,0.8633318548303915,High-income,Ng_2019_wastewater
Ng_2019_wastewater.sample_MBR-Nov-2016,145,1.9697377586224856,0.7246072934875909,High-income,Ng_2019_wastewater
Ng_2019_wastewater.sample_MBR-Oct-2016,145,2.1785875342830034,0.7808306315939421,High-income,Ng_2019_wastewater
Ng_2019_wastewater.sample_PST-Aug-2017,149,2.4833275486812014,0.8288511987002269,High-income,Ng_2019_wastewater
Ng_2019_wastewater.sample_PST-Jan-2017,230,2.7619261526404664,0.8369556344985342,High-income,Ng_2019_wastewater
Ng_2019_wastewater.sample_PST-Mar-2017,226,2.8552180629460486,0.8492482729111102,High-income,Ng_2019_wastewater
Ng_2019_wastewater.sample_PST-May-2017,96,2.6422525439192035,0.8728343905783122,High-income,Ng_2019_wastewater
Ng_2019_wastewater.sample_PST-Nov-2016,162,2.036847972679437,0.7296080386116031,High-income,Ng_2019_wastewater
Ng_2019_wastewater.sample_PST-Oct-2016,155,2.4003118233789746,0.7942696191186505,High-income,Ng_2019_wastewater
Ng_2019_wastewater.sample_SLUDGE-Aug-2017,44,1.8080009392877214,0.6513784289775894,High-income,Ng_2019_wastewater
Ng_2019_wastewater.sample_SLUDGE-Jan-2017,46,0.9993157391489672,0.34073563973340615,High-income,Ng_2019_wastewater
Ng_2019_wastewater.sample_SLUDGE-Mar-2017,67,1.6797742458981089,0.5670336010039565,High-income,Ng_2019_wastewater
Ng_2019_wastewater.sample_SLUDGE-May-2017,71,1.8561646782542838,0.617797453375438,High-income,Ng_2019_wastewater
Ng_2019_wastewater.sample_SLUDGE-Nov-2016,51,1.4374960573314144,0.4998613603952504,High-income,Ng_2019_wastewater
Ng_2019_wastewater.sample_SLUDGE-Oct-2016,86,1.5849571900513557,0.531265819338866,High-income,Ng_2019_wastewater
Ng_2019_wastewater.sample_SST-Aug-2017,54,2.1591598651048227,0.7392657679006136,High-income,Ng_2019_wastewater
Ng_2019_wastewater.sample_SST-Jan-2017,36,1.1439856775583386,0.40674849050060546,High-income,Ng_2019_wastewater
Ng_2019_wastewater.sample_SST-Mar-2017,74,2.1190192374859524,0.6845335180469767,High-income,Ng_2019_wastewater
Ng_2019_wastewater.sample_SST-May-2017,71,1.5310384723768187,0.5235597020260699,High-income,Ng_2019_wastewater
Ng_2019_wastewater.sample_SST-Nov-2016,37,1.0158408236996934,0.3503405142851269,High-income,Ng_2019_wastewater
Ng_2019_wastewater.sample_SST-Oct-2016,75,1.9246521725230985,0.6485784327275299,High-income,Ng_2019_wastewater
Ng_2019_wastewater.sample_WW-Aug-2017,10,1.1688767324470146,0.5671960110842531,High-income,Ng_2019_wastewater
Ng_2019_wastewater.sample_WW-Jan-2017,10,1.253524889103878,0.613384165809282,High-income,Ng_2019_wastewater
Ng_2019_wastewater.sample_WW-Mar-2017,18,0.6710787823933579,0.3359327729205468,High-income,Ng_2019_wastewater
Ng_2019_wastewater.sample_WW-May-2017,6,0.5668744420739257,0.277256789260353,High-income,Ng_2019_wastewater
Ng_2019_wastewater.sample_WW-Nov-2016,19,1.4222540015195084,0.6752943887880776,High-income,Ng_2019_wastewater
Ng_2019_wastewater.sample_WW-Oct-2016,17,1.4332950837991483,0.6862021419702409,High-income,Ng_2019_wastewater
Ohara_2017_ambulance.sample_AE0003,4,0.3347628636213774,0.16867000630146955,High-income,Ohara_2017_ambulance
Ohara_2017_ambulance.sample_AE0013,8,0.7996035152265413,0.3929284424100411,High-income,Ohara_2017_ambulance
Ohara_2017_ambulance.sample_AE0023,5,0.1689262854675442,0.07366682122561663,High-income,Ohara_2017_ambulance
Ohara_2017_ambulance.sample_AE0053,13,1.5781823377132513,0.7136925079662604,High-income,Ohara_2017_ambulance
Ohara_2017_ambulance.sample_AE0103,5,1.2519287822107998,0.6394351048843463,High-income,Ohara_2017_ambulance
Ohara_2017_ambulance.sample_AE0113,14,0.6717424134606469,0.31096397585930813,High-income,Ohara_2017_ambulance
Ohara_2017_ambulance.sample_AE0133,9,1.0131735955050156,0.43545217599211183,High-income,Ohara_2017_ambulance
Ohara_2017_ambulance.sample_AS1343,5,0.8039892319304505,0.44276036160693266,High-income,Ohara_2017_ambulance
Ohara_2017_ambulance.sample_AS1393,2,0.28906953852997785,0.1543324292640853,High-income,Ohara_2017_ambulance
Ohara_2017_ambulance.sample_AS1403,3,0.03279545447122894,0.010051352473833042,High-income,Ohara_2017_ambulance
Ohara_2017_ambulance.sample_AS1413,4,0.5220962244134697,0.3362722425655946,High-income,Ohara_2017_ambulance
Ohara_2017_ambulance.sample_AS1423,11,1.3538283997329577,0.7059631874946952,High-income,Ohara_2017_ambulance
Ohara_2017_ambulance.sample_AS1433,6,0.8191882430040762,0.39813492502599646,High-income,Ohara_2017_ambulance
Ohara_2017_ambulance.sample_AS1456,14,1.367768932568274,0.6598029327218888,High-income,Ohara_2017_ambulance
Ohara_2017_ambulance.sample_AS1463,14,1.3105488482340997,0.670281103228819,High-income,Ohara_2017_ambulance
Ohara_2017_ambulance.sample_AS1473,11,1.1581630840161838,0.5401735375264687,High-income,Ohara_2017_ambulance
Ohara_2017_ambulance.sample_AS1483,3,0.05292191173129482,0.0184344684508827,High-income,Ohara_2017_ambulance
Ohara_2017_ambulance.sample_AS1484,11,0.023385942034426267,0.0057920186017347275,High-income,Ohara_2017_ambulance
Ohara_2017_ambulance.sample_AS1485,2,0.0010129712658661064,0.00019823143923081155,High-income,Ohara_2017_ambulance
Ohara_2017_ambulance.sample_AS1487,16,0.728677364570754,0.42096266551498396,High-income,Ohara_2017_ambulance
Ohara_2017_ambulance.sample_AS1492,7,0.6950787302560795,0.33615284423798053,High-income,Ohara_2017_ambulance
Ohara_2017_ambulance.sample_AS1493,13,1.5290051195333176,0.7252594568040516,High-income,Ohara_2017_ambulance
Ohara_2017_ambulance.sample_AS1496,19,1.6159335513576512,0.7405151943267277,High-income,Ohara_2017_ambulance
Ohara_2017_ambulance.sample_AS1502,7,0.9601573290574282,0.5284197072696848,High-income,Ohara_2017_ambulance
Ohara_2017_ambulance.sample_AS1503,22,2.481526074735868,0.8718719503139803,High-income,Ohara_2017_ambulance
Ohara_2017_ambulance.sample_AS1504,7,1.1453117749709023,0.6474024858213394,High-income,Ohara_2017_ambulance
Ohara_2017_ambulance.sample_AS1509,39,2.7226070096123802,0.898333149583386,High-income,Ohara_2017_ambulance
Ohara_2017_ambulance.sample_AS1510,30,2.323151515431617,0.8758732911488565,High-income,Ohara_2017_ambulance
Ohara_2017_ambulance.sample_AS1513,6,0.987810909009416,0.5745328495348901,High-income,Ohara_2017_ambulance
Ohara_2017_ambulance.sample_AS1517,39,2.582686446033654,0.8659541303000375,High-income,Ohara_2017_ambulance
Ohara_2017_ambulance.sample_AS1518,2,0.11967376681146119,0.05018989131421292,High-income,Ohara_2017_ambulance
Ohara_2017_ambulance.sample_AS1519,4,0.0429880213872232,0.014002685901780887,High-income,Ohara_2017_ambulance
Ohara_2017_ambulance.sample_AS1954,16,0.845394101911596,0.4870410394656629,High-income,Ohara_2017_ambulance
Ohara_2017_ambulance.sample_AS1955,9,0.2616518493067825,0.09318927019814682,High-income,Ohara_2017_ambulance
Ohara_2017_ambulance.sample_AS1956,26,0.7160822784347518,0.2934409726030437,High-income,Ohara_2017_ambulance
Ohara_2017_ambulance.sample_AS1957,15,0.31680914676329064,0.10515732201063188,High-income,Ohara_2017_ambulance
Ohara_2017_ambulance.sample_AS1958,21,0.7126205179261509,0.436743366883498,High-income,Ohara_2017_ambulance
Ohara_2017_ambulance.sample_AS1963,3,0.3254585031358137,0.17762558353458358,High-income,Ohara_2017_ambulance
Ohara_2017_ambulance.sample_AS1965,6,1.215366481062928,0.6353593878815514,High-income,Ohara_2017_ambulance
Ohara_2017_ambulance.sample_AS1966,9,1.0648824438496987,0.583146806716114,High-income,Ohara_2017_ambulance
Ohara_2017_ambulance.sample_AS1967,10,1.7914920982093319,0.7893785948802113,High-income,Ohara_2017_ambulance
Ohara_2017_ambulance.sample_AS1969,6,0.593093088529279,0.37080350604068335,High-income,Ohara_2017_ambulance
Ohara_2017_ambulance.sample_AW0233,13,1.2619204796853574,0.6172786438588136,High-income,Ohara_2017_ambulance
Ohara_2017_ambulance.sample_AW0253,7,0.832839065875889,0.43237171333533664,High-income,Ohara_2017_ambulance
Ohara_2017_ambulance.sample_AW0254,7,0.6743133901929615,0.40973051413462624,High-income,Ohara_2017_ambulance
Ohara_2017_ambulance.sample_AW0258,9,0.7262345053779049,0.37420032395848146,High-income,Ohara_2017_ambulance
Ohara_2017_ambulance.sample_AW0262,11,1.5853834507170914,0.7309469355859103,High-income,Ohara_2017_ambulance
Ohara_2017_ambulance.sample_AW0263,5,0.7823169714543436,0.48830536067514385,High-income,Ohara_2017_ambulance
Ohara_2017_ambulance.sample_AW0264,5,0.7070565545612101,0.4434513714682752,High-income,Ohara_2017_ambulance
Ohara_2017_ambulance.sample_AW0265,8,1.0324209406547022,0.5766766460742886,High-income,Ohara_2017_ambulance
Ohara_2017_ambulance.sample_AW0267,15,0.4738057907612317,0.16359020623176213,High-income,Ohara_2017_ambulance
Ohara_2017_ambulance.sample_AW0268,10,1.4463436492330386,0.6657128835901165,High-income,Ohara_2017_ambulance
Ohara_2017_ambulance.sample_AW0269,25,2.141139915595453,0.8328067369791264,High-income,Ohara_2017_ambulance
Ohara_2017_ambulance.sample_AW0273,7,0.26481921801161357,0.12379980862036255,High-income,Ohara_2017_ambulance
Ohara_2017_ambulance.sample_AW0277,12,0.7108615189992219,0.37493235503029787,High-income,Ohara_2017_ambulance
Ohara_2017_ambulance.sample_AW0283,4,0.07287722946980346,0.022821359706766464,High-income,Ohara_2017_ambulance
Ohara_2017_ambulance.sample_AW0293,23,1.9366525879300265,0.7132496068601865,High-income,Ohara_2017_ambulance
Ohara_2017_ambulance.sample_AW0301,10,0.6380630948757886,0.35411106770398704,High-income,Ohara_2017_ambulance
Ohara_2017_ambulance.sample_AW0302,4,1.04591472348591,0.5675461712305354,High-income,Ohara_2017_ambulance
Ohara_2017_ambulance.sample_AW0303,10,0.9087065551615716,0.5083776776565917,High-income,Ohara_2017_ambulance
Ohara_2017_ambulance.sample_AW0306,10,0.8044414809376558,0.4751338611645963,High-income,Ohara_2017_ambulance
Ohara_2017_ambulance.sample_AW0307,7,0.9725073365948829,0.4649200315448785,High-income,Ohara_2017_ambulance
Ohara_2017_ambulance.sample_AW0308,10,1.8148357298674305,0.7942720524354849,High-income,Ohara_2017_ambulance
Ohara_2017_ambulance.sample_AW0313,15,1.3063585522973686,0.5615882939146293,High-income,Ohara_2017_ambulance
Ohara_2017_ambulance.sample_AW0323,15,1.6597875540169595,0.6594466565204087,High-income,Ohara_2017_ambulance
Ohara_2017_ambulance.sample_AW0333,26,1.6180466096465673,0.6210625466616166,High-income,Ohara_2017_ambulance
Ohara_2017_ambulance.sample_AW0343,13,0.80198823634408,0.331953628257043,High-income,Ohara_2017_ambulance
Ohara_2017_ambulance.sample_AW0353,9,1.3570862742430645,0.696759743450023,High-income,Ohara_2017_ambulance
Ohara_2017_ambulance.sample_AW0363,7,0.9649795494471423,0.565177624944607,High-income,Ohara_2017_ambulance
Ohara_2017_ambulance.sample_AW0371,5,0.5227093292292252,0.2288453922795709,High-income,Ohara_2017_ambulance
Ohara_2017_ambulance.sample_AW0372,12,1.6497455890136015,0.763241489915245,High-income,Ohara_2017_ambulance
Ohara_2017_ambulance.sample_AW0373,24,1.8576808408744743,0.7474184088529601,High-income,Ohara_2017_ambulance
Ohara_2017_ambulance.sample_AW0375,17,1.3750409571683573,0.601498345275777,High-income,Ohara_2017_ambulance
Ohara_2017_ambulance.sample_AW0377,3,0.694272911330093,0.4297379987955724,High-income,Ohara_2017_ambulance
Ohara_2017_ambulance.sample_AW0378,27,2.3032334080096275,0.8185989468782787,High-income,Ohara_2017_ambulance
Ohara_2017_ambulance.sample_AW0383,25,1.7190302829216946,0.6754929050447598,High-income,Ohara_2017_ambulance
Ohara_2017_ambulance.sample_AW0401,12,1.391443754404671,0.5959105428733664,High-income,Ohara_2017_ambulance
Ohara_2017_ambulance.sample_AW0402,11,0.9771969383298736,0.5599618332216685,High-income,Ohara_2017_ambulance
Ohara_2017_ambulance.sample_AW0404,12,0.5257301036610601,0.20760032840368337,High-income,Ohara_2017_ambulance
Ohara_2017_ambulance.sample_AW0405,17,0.5972134824797025,0.23420897429528675,High-income,Ohara_2017_ambulance
Ohara_2017_ambulance.sample_AW0406,25,1.8786775361684573,0.8124065956491275,High-income,Ohara_2017_ambulance
Ohara_2017_ambulance.sample_AW0407,13,1.408193610954184,0.6729542554195317,High-income,Ohara_2017_ambulance
Ohara_2017_ambulance.sample_AW0408,6,0.6360327780505107,0.3977980312696363,High-income,Ohara_2017_ambulance
Ohara_2017_ambulance.sample_AW0409,25,2.497359421347216,0.8831460377605139,High-income,Ohara_2017_ambulance
Ohara_2017_ambulance.sample_AW0411,9,1.441366797102034,0.6794259466366968,High-income,Ohara_2017_ambulance
Ohara_2017_ambulance.sample_AW0412,9,1.0586062644564642,0.5872778491167584,High-income,Ohara_2017_ambulance
Ohara_2017_ambulance.sample_AW0413,2,0.6219466977279406,0.4305061149932623,High-income,Ohara_2017_ambulance
Ohara_2017_ambulance.sample_AW0414,6,0.5088225051834532,0.2153863006150889,High-income,Ohara_2017_ambulance
Ohara_2017_ambulance.sample_AW0415,11,1.7715306405244746,0.8124797571334552,High-income,Ohara_2017_ambulance
Ohara_2017_ambulance.sample_AW0416,22,1.589041447473657,0.6915146914134316,High-income,Ohara_2017_ambulance
Ohara_2017_ambulance.sample_AW0417,7,0.6492708157513122,0.3104734473633801,High-income,Ohara_2017_ambulance
Ohara_2017_ambulance.sample_AW0418,11,0.9291555144914195,0.5100208830781239,High-income,Ohara_2017_ambulance
Ohara_2017_ambulance.sample_AW0419,9,0.5321177586289815,0.29245220676931505,High-income,Ohara_2017_ambulance
Ohara_2017_ambulance.sample_AW0421,5,1.330069499756124,0.6903549895009644,High-income,Ohara_2017_ambulance
Ohara_2017_ambulance.sample_AW0422,12,0.8109058984198079,0.4580691601950603,High-income,Ohara_2017_ambulance
Ohara_2017_ambulance.sample_AW0424,3,0.7684743727918404,0.42942392007428487,High-income,Ohara_2017_ambulance
Ohara_2017_ambulance.sample_AW0425,10,1.37853605747216,0.7204048438014572,High-income,Ohara_2017_ambulance
Ohara_2017_ambulance.sample_AW0426,21,1.966287624347871,0.8253590020986302,High-income,Ohara_2017_ambulance
Ohara_2017_ambulance.sample_AW0427,5,0.2924813704449433,0.1344943339319521,High-income,Ohara_2017_ambulance
Ohara_2017_ambulance.sample_AW0428,3,0.27748487941856703,0.14364826487013171,High-income,Ohara_2017_ambulance
Ohara_2017_ambulance.sample_AW0429,13,1.198625314649894,0.6336314185838757,High-income,Ohara_2017_ambulance
Ohara_2017_ambulance.sample_AW0431,8,0.9682081461620667,0.559090667311172,High-income,Ohara_2017_ambulance
Ohara_2017_ambulance.sample_AW0432,10,0.954717734894014,0.529698422355466,High-income,Ohara_2017_ambulance
Ohara_2017_ambulance.sample_AW0434,8,0.3544151205290904,0.14209920058613856,High-income,Ohara_2017_ambulance
Ohara_2017_ambulance.sample_AW0435,18,0.6039970237050324,0.22338820060207087,High-income,Ohara_2017_ambulance
Ohara_2017_ambulance.sample_AW0436,26,1.860879039752967,0.7786915252438612,High-income,Ohara_2017_ambulance
Ohara_2017_ambulance.sample_AW0437,28,0.8493220722702554,0.30534715514128785,High-income,Ohara_2017_ambulance
Ohara_2017_ambulance.sample_AW0438,42,2.4004200315221182,0.8407189574649989,High-income,Ohara_2017_ambulance
Ohara_2017_ambulance.sample_AW0439,49,2.6019324712602434,0.8736484003544335,High-income,Ohara_2017_ambulance
Ohara_2017_ambulance.sample_AW0441,19,1.474363887113446,0.6104270237448286,High-income,Ohara_2017_ambulance
Ohara_2017_ambulance.sample_AW0442,5,0.1271276213355901,0.04329273425290758,High-income,Ohara_2017_ambulance
Ohara_2017_ambulance.sample_AW0444,2,0.3467170203667196,0.19595050232958644,High-income,Ohara_2017_ambulance
Ohara_2017_ambulance.sample_AW0445,20,0.6985205988080379,0.2500455295111228,High-income,Ohara_2017_ambulance
Ohara_2017_ambulance.sample_AW0446,5,0.16909420838912675,0.059566870161875896,High-income,Ohara_2017_ambulance
Ohara_2017_ambulance.sample_AW0447,8,0.9158481800756308,0.5605558427200021,High-income,Ohara_2017_ambulance
Ohara_2017_ambulance.sample_AW0448,30,0.8990602861469005,0.3048073121307896,High-income,Ohara_2017_ambulance
Ohara_2017_ambulance.sample_AW0449,2,0.00012744446812064668,2.0402344226955194e-05,High-income,Ohara_2017_ambulance
Ohara_2017_ambulance.sample_AW0451,6,0.8165805501813931,0.5090895665302836,High-income,Ohara_2017_ambulance
Ohara_2017_ambulance.sample_AW0452,4,0.19030615424561062,0.07835213579951283,High-income,Ohara_2017_ambulance
Ohara_2017_ambulance.sample_AW0454,19,1.636762557072634,0.7395061079959536,High-income,Ohara_2017_ambulance
Ohara_2017_ambulance.sample_AW0455,4,0.3035526010643956,0.14070550869884157,High-income,Ohara_2017_ambulance
Ohara_2017_ambulance.sample_AW0456,11,1.0340094460449945,0.46233486973400517,High-income,Ohara_2017_ambulance
Ohara_2017_ambulance.sample_AW0457,6,0.1887960809404357,0.07488706152533375,High-income,Ohara_2017_ambulance
Ohara_2017_ambulance.sample_AW0459,3,0.4541458111560539,0.24680358745084974,High-income,Ohara_2017_ambulance
Ohara_2017_ambulance.sample_AW0461,13,1.2256098796015125,0.6195698127932023,High-income,Ohara_2017_ambulance
Ohara_2017_ambulance.sample_AW0462,24,1.8599313977275915,0.77948355949964,High-income,Ohara_2017_ambulance
Ohara_2017_ambulance.sample_AW0464,21,2.084413167378329,0.7502882966565527,High-income,Ohara_2017_ambulance
Ohara_2017_ambulance.sample_AW0465,22,1.0498019816069013,0.4316270493198997,High-income,Ohara_2017_ambulance
Ohara_2017_ambulance.sample_AW0466,6,0.7054705948781471,0.40970009558471265,High-income,Ohara_2017_ambulance
Ohara_2017_ambulance.sample_AW0467,17,2.449296539420082,0.897791744793281,High-income,Ohara_2017_ambulance
Ohara_2017_ambulance.sample_AW0468,13,0.27720516766067876,0.09647946624911097,High-income,Ohara_2017_ambulance
Ohara_2017_ambulance.sample_AW0472,9,0.7372394268558505,0.3850325859162317,High-income,Ohara_2017_ambulance
Ohara_2017_ambulance.sample_AW0474,10,1.3363419770506724,0.6111215528096865,High-income,Ohara_2017_ambulance
Ohara_2017_ambulance.sample_AW0475,2,0.043542068284183846,0.01463542788313088,High-income,Ohara_2017_ambulance
Ohara_2017_ambulance.sample_AW0476,22,1.3664251187632352,0.6091278114043934,High-income,Ohara_2017_ambulance
Ohara_2017_ambulance.sample_AW0477,13,1.2749228180053702,0.6441816624089501,High-income,Ohara_2017_ambulance
Ohara_2017_ambulance.sample_AW0478,13,1.5854186074736085,0.715749041995461,High-income,Ohara_2017_ambulance
Ohara_2017_ambulance.sample_AW0479,27,2.2916691316238067,0.8355756234166232,High-income,Ohara_2017_ambulance
Ohara_2017_ambulance.sample_AW0481,16,1.4542598441900683,0.6680741661935674,High-income,Ohara_2017_ambulance
Ohara_2017_ambulance.sample_AW0482,3,0.013531415432840973,0.003521955349649497,High-income,Ohara_2017_ambulance
Ohara_2017_ambulance.sample_AW0484,8,1.16948835372207,0.6102602634757703,High-income,Ohara_2017_ambulance
Ohara_2017_ambulance.sample_AW0485,12,0.9113527159367293,0.48720217216677175,High-income,Ohara_2017_ambulance
Ohara_2017_ambulance.sample_AW0486,11,1.1837153415583226,0.5983085347089001,High-income,Ohara_2017_ambulance
Ohara_2017_ambulance.sample_AW0487,8,1.0810113702732087,0.54396375916912,High-income,Ohara_2017_ambulance
Ohara_2017_ambulance.sample_AW0488,17,1.302554924817924,0.5213111442320735,High-income,Ohara_2017_ambulance
Ohara_2017_ambulance.sample_AW0489,24,0.7674078654217349,0.30900280821353254,High-income,Ohara_2017_ambulance
Ohara_2017_ambulance.sample_AW0491,1,-0.0,0.0,High-income,Ohara_2017_ambulance
Ohara_2017_ambulance.sample_AW0492,10,1.049908898335717,0.4902166301716042,High-income,Ohara_2017_ambulance
Ohara_2017_ambulance.sample_AW0494,5,0.3902141537326577,0.20598455276532068,High-income,Ohara_2017_ambulance
Ohara_2017_ambulance.sample_AW0495,2,0.04466628658825856,0.015088614423998559,High-income,Ohara_2017_ambulance
Ohara_2017_ambulance.sample_AW0496,20,1.88925536101348,0.7755412590586738,High-income,Ohara_2017_ambulance
Ohara_2017_ambulance.sample_AW0497,7,0.6684428005849623,0.3224970256484626,High-income,Ohara_2017_ambulance
Ohara_2017_ambulance.sample_AW0498,6,0.5906498549016267,0.30127648721556644,High-income,Ohara_2017_ambulance
Ohara_2017_ambulance.sample_AW0499,40,2.713785119014064,0.8648608367907934,High-income,Ohara_2017_ambulance
Ohara_2017_ambulance.sample_AW0501,11,1.8560125703189185,0.8003209270052197,High-income,Ohara_2017_ambulance
Ohara_2017_ambulance.sample_AW0502,14,1.0698979078762965,0.4675680961936377,High-income,Ohara_2017_ambulance
Ohara_2017_ambulance.sample_AW0503,6,0.707308044032336,0.39208932896854165,High-income,Ohara_2017_ambulance
Ohara_2017_ambulance.sample_AW0505,0,0.0,0.0,High-income,Ohara_2017_ambulance
Ohara_2017_ambulance.sample_AW0506,2,0.06989730508527248,0.02589874673643955,High-income,Ohara_2017_ambulance
Ohara_2017_ambulance.sample_AW0507,1,-0.0,0.0,High-income,Ohara_2017_ambulance
Ohara_2017_ambulance.sample_AW0508,9,1.4972406871931103,0.7308532047076016,High-income,Ohara_2017_ambulance
Ohara_2017_ambulance.sample_AW0509,18,0.23848544846775663,0.09458137195382499,High-income,Ohara_2017_ambulance
Ohara_2017_ambulance.sample_AW0511,10,1.5824050048036462,0.7631733469591413,High-income,Ohara_2017_ambulance
Ohara_2017_ambulance.sample_AW0513,30,2.3586832729086544,0.8643495654729973,High-income,Ohara_2017_ambulance
Ohara_2017_ambulance.sample_AW0514,5,0.6004331306673388,0.2799218329132084,High-income,Ohara_2017_ambulance
Ohara_2017_ambulance.sample_AW0515,10,0.9675162776566975,0.5460738103288474,High-income,Ohara_2017_ambulance
Ohara_2017_ambulance.sample_AW0516,15,1.1068869554480274,0.509521773348226,High-income,Ohara_2017_ambulance
Ohara_2017_ambulance.sample_AW0518,6,1.0943020721372123,0.5163148112150315,High-income,Ohara_2017_ambulance
Ohara_2017_ambulance.sample_AW0519,24,0.34018095079204863,0.11844333565579535,High-income,Ohara_2017_ambulance
Ohara_2017_ambulance.sample_AW0521,4,0.7728491847967602,0.4739936904739226,High-income,Ohara_2017_ambulance
Ohara_2017_ambulance.sample_AW0522,6,1.0219399840568135,0.48664543237669433,High-income,Ohara_2017_ambulance
Ohara_2017_ambulance.sample_AW0523,6,0.5855437334232181,0.25437031951534317,High-income,Ohara_2017_ambulance
Ohara_2017_ambulance.sample_AW0524,10,1.065776067366053,0.4815791416856694,High-income,Ohara_2017_ambulance
Ohara_2017_ambulance.sample_AW0525,8,1.4287374037733884,0.6906638498938535,High-income,Ohara_2017_ambulance
Ohara_2017_ambulance.sample_AW0526,10,0.7309013450452643,0.306764543842034,High-income,Ohara_2017_ambulance
Ohara_2017_ambulance.sample_AW0527,10,1.2747858004428865,0.6727204767901518,High-income,Ohara_2017_ambulance
Ohara_2017_ambulance.sample_AW0528,16,0.8996704423253741,0.5222307930258911,High-income,Ohara_2017_ambulance
Ohara_2017_ambulance.sample_AW0529,3,1.0414963668848347,0.6263061863872342,High-income,Ohara_2017_ambulance
Ohara_2017_ambulance.sample_AW0531,2,0.002686370689525643,0.0005882268927199785,High-income,Ohara_2017_ambulance
Ohara_2017_ambulance.sample_AW0532,20,1.1078732695913396,0.47198377009460757,High-income,Ohara_2017_ambulance
Ohara_2017_ambulance.sample_AW0533,20,2.3134278113900493,0.8719798359143711,High-income,Ohara_2017_ambulance
Ohara_2017_ambulance.sample_AW0534,13,0.14711703142648525,0.04669059981824242,High-income,Ohara_2017_ambulance
Ohara_2017_ambulance.sample_AW0535,3,0.552029880652583,0.28733316510083906,High-income,Ohara_2017_ambulance
Ohara_2017_ambulance.sample_AW0536,12,1.5373209108356227,0.7192935500219374,High-income,Ohara_2017_ambulance
Ohara_2017_ambulance.sample_AW0537,14,0.9465472977751889,0.3933696203663667,High-income,Ohara_2017_ambulance
Ohara_2017_ambulance.sample_AW0538,5,0.4912220857898443,0.21936519318983982,High-income,Ohara_2017_ambulance
Ohara_2017_ambulance.sample_AW0539,17,1.0296715009252946,0.5632076177258578,High-income,Ohara_2017_ambulance
Ohara_2017_ambulance.sample_AW0543,5,0.6055170642756484,0.28900129250849493,High-income,Ohara_2017_ambulance
Ohara_2017_ambulance.sample_AW0553,3,0.25528771979534637,0.10931243320105766,High-income,Ohara_2017_ambulance
Ohara_2017_ambulance.sample_AW0563,7,1.1295891407039764,0.5962314673048907,High-income,Ohara_2017_ambulance
Ohara_2017_ambulance.sample_AW0573,26,2.0203110641397264,0.7509969584198564,High-income,Ohara_2017_ambulance
Ohara_2017_ambulance.sample_AW0593,18,2.0334613733342692,0.8351957225631038,High-income,Ohara_2017_ambulance
Ohara_2017_ambulance.sample_AW0603,11,0.5915396083326978,0.22482876523895845,High-income,Ohara_2017_ambulance
Ohara_2017_ambulance.sample_AW0613,6,0.024363623030554133,0.005874641348558529,High-income,Ohara_2017_ambulance
Ohara_2017_ambulance.sample_AW0623,13,0.9590740710990102,0.47779260200711404,High-income,Ohara_2017_ambulance
Ohara_2017_ambulance.sample_AW0633,23,0.6561028940753137,0.22774846853334918,High-income,Ohara_2017_ambulance
Ohara_2017_ambulance.sample_AW0643,15,0.5095781904534732,0.19825563366160193,High-income,Ohara_2017_ambulance
Ohara_2017_ambulance.sample_AW0653,3,0.9277630540196418,0.5620618230798067,High-income,Ohara_2017_ambulance
Ohara_2017_ambulance.sample_AW0673,30,2.5754550179088094,0.8971843722035201,High-income,Ohara_2017_ambulance
Ohara_2017_ambulance.sample_AW0683,24,1.5606787029402054,0.5704985834856697,High-income,Ohara_2017_ambulance
Ohara_2017_ambulance.sample_AW0691,7,0.28065763851891845,0.11261713126697448,High-income,Ohara_2017_ambulance
Ohara_2017_ambulance.sample_AW0695,2,0.23369393281997042,0.1171243520175631,High-income,Ohara_2017_ambulance
Ohara_2017_ambulance.sample_AW0698,7,0.3305575710655764,0.12388842846781545,High-income,Ohara_2017_ambulance
Ohara_2017_ambulance.sample_AW0699,1,-0.0,0.0,High-income,Ohara_2017_ambulance
Ohara_2017_ambulance.sample_AW0701,7,1.253502925556813,0.6280918044349375,High-income,Ohara_2017_ambulance
Ohara_2017_ambulance.sample_AW0704,4,0.8924142670453703,0.47240538875710303,High-income,Ohara_2017_ambulance
Ohara_2017_ambulance.sample_AW0705,4,0.5924281512155163,0.39090482983824737,High-income,Ohara_2017_ambulance
Ohara_2017_ambulance.sample_AW0706,7,0.6163586155559511,0.3358938647729195,High-income,Ohara_2017_ambulance
Ohara_2017_ambulance.sample_AW0707,4,0.616601842693876,0.31955220093175973,High-income,Ohara_2017_ambulance
Ohara_2017_ambulance.sample_AW0708,6,0.49826725126715443,0.2374662141978403,High-income,Ohara_2017_ambulance
Ohara_2017_ambulance.sample_AW0709,7,0.04739692547845004,0.01263676503791522,High-income,Ohara_2017_ambulance
Ohara_2017_ambulance.sample_AW0712,8,0.6878831067739886,0.3264454094160888,High-income,Ohara_2017_ambulance
Ohara_2017_ambulance.sample_AW0713,5,0.7048825879599658,0.4325484967875507,High-income,Ohara_2017_ambulance
Ohara_2017_ambulance.sample_AW0714,3,0.5939286400618667,0.33191414577686584,High-income,Ohara_2017_ambulance
Ohara_2017_ambulance.sample_AW0715,13,2.115173325940645,0.8614698415853717,High-income,Ohara_2017_ambulance
Ohara_2017_ambulance.sample_AW0716,22,1.8519419537028814,0.7465643017991672,High-income,Ohara_2017_ambulance
Ohara_2017_ambulance.sample_AW0717,6,1.0360839489769853,0.5775738752151118,High-income,Ohara_2017_ambulance
Ohara_2017_ambulance.sample_AW0718,9,0.8036661023689347,0.4128694135813772,High-income,Ohara_2017_ambulance
Ohara_2017_ambulance.sample_AW0719,5,0.37385398847862494,0.18247135122323987,High-income,Ohara_2017_ambulance
Ohara_2017_ambulance.sample_AW0721,9,0.3809271152849656,0.15668115407850336,High-income,Ohara_2017_ambulance
Ohara_2017_ambulance.sample_AW0722,9,0.04374945095571764,0.0111293657460384,High-income,Ohara_2017_ambulance
Ohara_2017_ambulance.sample_AW0723,13,1.710981615110085,0.7396732860855064,High-income,Ohara_2017_ambulance
Ohara_2017_ambulance.sample_AW0724,4,0.7389022888441024,0.5051720699281826,High-income,Ohara_2017_ambulance
Ohara_2017_ambulance.sample_AW0725,35,2.676150059324663,0.8914016640827933,High-income,Ohara_2017_ambulance
Ohara_2017_ambulance.sample_AW0726,19,2.1169148543943863,0.8418255966180427,High-income,Ohara_2017_ambulance
Ohara_2017_ambulance.sample_AW0727,23,2.5996478718234397,0.9050434749612772,High-income,Ohara_2017_ambulance
Ohara_2017_ambulance.sample_AW0728,8,1.2028629009563545,0.5919525779790114,High-income,Ohara_2017_ambulance
Ohara_2017_ambulance.sample_AW0729,1,-0.0,0.0,High-income,Ohara_2017_ambulance
Ohara_2017_ambulance.sample_AW0731,5,1.0619778278484875,0.6181380841838473,High-income,Ohara_2017_ambulance
Ohara_2017_ambulance.sample_AW0732,6,0.8344384100376491,0.4752396143637142,High-income,Ohara_2017_ambulance
Ohara_2017_ambulance.sample_AW0734,6,0.6010667840242765,0.3288176069367492,High-income,Ohara_2017_ambulance
Ohara_2017_ambulance.sample_AW0735,8,1.6194355708129031,0.779951423054096,High-income,Ohara_2017_ambulance
Ohara_2017_ambulance.sample_AW0736,18,1.757567342123411,0.7101086326574404,High-income,Ohara_2017_ambulance
Ohara_2017_ambulance.sample_AW0738,10,1.1415400250934347,0.5527570397361719,High-income,Ohara_2017_ambulance
Ohara_2017_ambulance.sample_AW0739,5,0.9891456879069076,0.5952704008246085,High-income,Ohara_2017_ambulance
Ohara_2017_ambulance.sample_AW0742,4,0.32297067394704293,0.1525785550863462,High-income,Ohara_2017_ambulance
Ohara_2017_ambulance.sample_AW0743,10,1.3412518351946603,0.7122678414278065,High-income,Ohara_2017_ambulance
Ohara_2017_ambulance.sample_AW0744,11,1.2736128181758528,0.6589671384253484,High-income,Ohara_2017_ambulance
Ohara_2017_ambulance.sample_AW0745,4,1.07537547511089,0.6338993110775791,High-income,Ohara_2017_ambulance
Ohara_2017_ambulance.sample_AW0746,24,2.2038188796962475,0.857564228453203,High-income,Ohara_2017_ambulance
Ohara_2017_ambulance.sample_AW0747,7,0.5041653688551191,0.23463531195050924,High-income,Ohara_2017_ambulance
Ohara_2017_ambulance.sample_AW0749,5,1.128263131774505,0.6303715876608893,High-income,Ohara_2017_ambulance
Ohara_2017_ambulance.sample_AW0751,9,1.5038974456186405,0.7530121558043991,High-income,Ohara_2017_ambulance
Ohara_2017_ambulance.sample_AW0752,8,0.8558193268127465,0.5048605813867726,High-income,Ohara_2017_ambulance
Ohara_2017_ambulance.sample_AW0753,16,1.172990523347531,0.49065566353686596,High-income,Ohara_2017_ambulance
Ohara_2017_ambulance.sample_AW0755,7,0.19377366135564048,0.070387975875151,High-income,Ohara_2017_ambulance
Ohara_2017_ambulance.sample_AW0758,14,0.1963223634181509,0.05943728490615896,High-income,Ohara_2017_ambulance
Ohara_2017_ambulance.sample_AW0759,5,0.5703259118686562,0.2564784540744105,High-income,Ohara_2017_ambulance
Ohara_2017_ambulance.sample_AW0761,9,1.0282003318427873,0.49908997615774753,High-income,Ohara_2017_ambulance
Ohara_2017_ambulance.sample_AW0762,12,1.6746368347432188,0.7684830647224656,High-income,Ohara_2017_ambulance
Ohara_2017_ambulance.sample_AW0763,2,0.3160494473617129,0.17345655506343727,High-income,Ohara_2017_ambulance
Ohara_2017_ambulance.sample_AW0764,6,0.8509938474759671,0.4678886366212699,High-income,Ohara_2017_ambulance
Ohara_2017_ambulance.sample_AW0765,5,0.11365180731516938,0.04411651090282476,High-income,Ohara_2017_ambulance
Ohara_2017_ambulance.sample_AW0766,15,1.5917653916812657,0.701815959721314,High-income,Ohara_2017_ambulance
Ohara_2017_ambulance.sample_AW0767,12,1.451156568321243,0.7192315289415203,High-income,Ohara_2017_ambulance
Ohara_2017_ambulance.sample_AW0768,54,2.9437990381065227,0.8886246394611627,High-income,Ohara_2017_ambulance
Ohara_2017_ambulance.sample_AW0769,21,1.6791484066195392,0.6923529762521046,High-income,Ohara_2017_ambulance
Ohara_2017_ambulance.sample_AW0771,6,0.10083911650827342,0.03320136096397541,High-income,Ohara_2017_ambulance
Ohara_2017_ambulance.sample_AW0772,12,1.4280064565809054,0.6345175134006484,High-income,Ohara_2017_ambulance
Ohara_2017_ambulance.sample_AW0773,7,0.30074483625246795,0.14579668809350954,High-income,Ohara_2017_ambulance
Ohara_2017_ambulance.sample_AW0774,5,0.7418147679455807,0.44280216263615246,High-income,Ohara_2017_ambulance
Ohara_2017_ambulance.sample_AW0775,6,1.0402844620274732,0.6102593789437485,High-income,Ohara_2017_ambulance
Ohara_2017_ambulance.sample_AW0776,9,1.1532183100210642,0.5574875087986004,High-income,Ohara_2017_ambulance
Ohara_2017_ambulance.sample_AW0777,3,0.6903751830730043,0.4160367099359594,High-income,Ohara_2017_ambulance
Ohara_2017_ambulance.sample_AW0778,7,0.5039857713662651,0.2559697831620271,High-income,Ohara_2017_ambulance
Ohara_2017_ambulance.sample_AW0779,6,0.6539912359797166,0.39913829114551513,High-income,Ohara_2017_ambulance
Ohara_2017_ambulance.sample_AW0781,10,1.2889842352867467,0.6607116367672686,High-income,Ohara_2017_ambulance
Ohara_2017_ambulance.sample_AW0782,2,0.13455834224517454,0.05810060067931078,High-income,Ohara_2017_ambulance
Ohara_2017_ambulance.sample_AW0783,6,0.32720868064997677,0.15305741634177739,High-income,Ohara_2017_ambulance
Ohara_2017_ambulance.sample_AW0784,9,0.7554836436387724,0.4147425191890254,High-income,Ohara_2017_ambulance
Ohara_2017_ambulance.sample_AW0785,8,0.8651798082646469,0.5138419429775397,High-income,Ohara_2017_ambulance
Ohara_2017_ambulance.sample_AW0786,18,1.5880471615501885,0.7343686561027365,High-income,Ohara_2017_ambulance
Ohara_2017_ambulance.sample_AW0787,0,0.0,0.0,High-income,Ohara_2017_ambulance
Ohara_2017_ambulance.sample_AW0788,12,0.7287507302408079,0.3896061150241268,High-income,Ohara_2017_ambulance
Ohara_2017_ambulance.sample_AW0789,1,-0.0,0.0,High-income,Ohara_2017_ambulance
Ohara_2017_ambulance.sample_AW0792,10,1.4202077492746046,0.734894143696061,High-income,Ohara_2017_ambulance
Ohara_2017_ambulance.sample_AW0793,17,1.6701154745930658,0.7321763142606899,High-income,Ohara_2017_ambulance
Ohara_2017_ambulance.sample_AW0794,8,1.1312838203012705,0.5781151879943729,High-income,Ohara_2017_ambulance
Ohara_2017_ambulance.sample_AW0795,7,1.134168703199406,0.58894137683972,High-income,Ohara_2017_ambulance
Ohara_2017_ambulance.sample_AW0796,22,1.974991831231292,0.7832233330405869,High-income,Ohara_2017_ambulance
Ohara_2017_ambulance.sample_AW0797,5,0.48685241050536787,0.23114703962041527,High-income,Ohara_2017_ambulance
Ohara_2017_ambulance.sample_AW0798,4,0.6197344478559621,0.4152797690885133,High-income,Ohara_2017_ambulance
Ohara_2017_ambulance.sample_AW0799,5,0.6667808607093295,0.4390626629224784,High-income,Ohara_2017_ambulance
Ohara_2017_ambulance.sample_AW0803,10,0.5547753052208948,0.23676022560892285,High-income,Ohara_2017_ambulance
Ohara_2017_ambulance.sample_AW0804,5,0.8317627228562792,0.5235634685871284,High-income,Ohara_2017_ambulance
Ohara_2017_ambulance.sample_AW0805,2,0.0019391462049468567,0.00040831660471996045,High-income,Ohara_2017_ambulance
Ohara_2017_ambulance.sample_AW0806,19,1.8648118001828975,0.7959418199160518,High-income,Ohara_2017_ambulance
Ohara_2017_ambulance.sample_AW0807,7,0.5799198939206693,0.2954006648771115,High-income,Ohara_2017_ambulance
Ohara_2017_ambulance.sample_AW0808,4,0.04082885325181704,0.013182295435174796,High-income,Ohara_2017_ambulance
Ohara_2017_ambulance.sample_AW0811,10,0.9501207697628234,0.39743754650899277,High-income,Ohara_2017_ambulance
Ohara_2017_ambulance.sample_AW0812,6,0.5688738631797954,0.28238617244566155,High-income,Ohara_2017_ambulance
Ohara_2017_ambulance.sample_AW0813,6,0.1399114112564929,0.05182099276912522,High-income,Ohara_2017_ambulance
Ohara_2017_ambulance.sample_AW0817,9,1.29432690680409,0.6347910117359361,High-income,Ohara_2017_ambulance
Ohara_2017_ambulance.sample_AW0819,5,0.007339452326899434,0.0015676667703967695,High-income,Ohara_2017_ambulance
Ohara_2017_ambulance.sample_AW0821,5,0.7860961885971427,0.3952916130297537,High-income,Ohara_2017_ambulance
Ohara_2017_ambulance.sample_AW0822,9,1.0332639357461284,0.459489912118747,High-income,Ohara_2017_ambulance
Ohara_2017_ambulance.sample_AW0823,3,0.33627994630442426,0.18728924118386492,High-income,Ohara_2017_ambulance
Ohara_2017_ambulance.sample_AW0824,28,1.6768127403213269,0.6144119958208605,High-income,Ohara_2017_ambulance
Ohara_2017_ambulance.sample_AW0825,15,1.546368159038471,0.6541064359349014,High-income,Ohara_2017_ambulance
Ohara_2017_ambulance.sample_AW0826,15,1.965845293375432,0.8248855003259659,High-income,Ohara_2017_ambulance
Ohara_2017_ambulance.sample_AW0827,7,0.7449892618626881,0.4937451484243567,High-income,Ohara_2017_ambulance
Ohara_2017_ambulance.sample_AW0828,11,0.11971628357188893,0.033082266156785334,High-income,Ohara_2017_ambulance
Ohara_2017_ambulance.sample_AW0829,32,1.5737050710083116,0.563195702992108,High-income,Ohara_2017_ambulance
Ohara_2017_ambulance.sample_AW0831,9,0.8889754789856261,0.5036408429302934,High-income,Ohara_2017_ambulance
Ohara_2017_ambulance.sample_AW0832,8,0.6744142537962503,0.38843308565620593,High-income,Ohara_2017_ambulance
Ohara_2017_ambulance.sample_AW0833,10,1.2304630124937694,0.6751684173618111,High-income,Ohara_2017_ambulance
Ohara_2017_ambulance.sample_AW0834,43,3.0515681496495515,0.9336685931711685,High-income,Ohara_2017_ambulance
Ohara_2017_ambulance.sample_AW0835,7,1.5839612595245187,0.7691312076676055,High-income,Ohara_2017_ambulance
Ohara_2017_ambulance.sample_AW0836,18,2.1432031911543454,0.8542103462771314,High-income,Ohara_2017_ambulance
Ohara_2017_ambulance.sample_AW0837,11,1.24740571377325,0.6565345538636234,High-income,Ohara_2017_ambulance
Ohara_2017_ambulance.sample_AW0838,5,0.7635102819992416,0.5119692794734103,High-income,Ohara_2017_ambulance
Ohara_2017_ambulance.sample_AW0839,16,2.2181806005464186,0.8664182576768313,High-income,Ohara_2017_ambulance
Ohara_2017_ambulance.sample_AW0842,7,0.21652679707288588,0.0885185839176198,High-income,Ohara_2017_ambulance
Ohara_2017_ambulance.sample_AW0843,10,1.7346986413595953,0.7908788501177605,High-income,Ohara_2017_ambulance
Ohara_2017_ambulance.sample_AW0845,24,2.0999685509922137,0.8137638008928895,High-income,Ohara_2017_ambulance
Ohara_2017_ambulance.sample_AW0846,10,0.7182125676331101,0.3155588570546658,High-income,Ohara_2017_ambulance
Ohara_2017_ambulance.sample_AW0853,15,1.7978033308875432,0.7679353282990203,High-income,Ohara_2017_ambulance
Ohara_2017_ambulance.sample_AW0863,8,1.1096931277926108,0.5124317321868209,High-income,Ohara_2017_ambulance
Ohara_2017_ambulance.sample_AW0873,7,0.6917152163233864,0.3778672232961269,High-income,Ohara_2017_ambulance
Ohara_2017_ambulance.sample_AW0883,12,1.0545153006350003,0.5117261476834142,High-income,Ohara_2017_ambulance
Ohara_2017_ambulance.sample_AW0893,7,0.6299919173738435,0.3218313160444549,High-income,Ohara_2017_ambulance
Ohara_2017_ambulance.sample_AW0906,20,0.9688394602838051,0.38918823191891216,High-income,Ohara_2017_ambulance
Ohara_2017_ambulance.sample_AW0925,16,1.5604970835649281,0.7163975158241731,High-income,Ohara_2017_ambulance
Ohara_2017_ambulance.sample_AW0927,13,1.5209127171349366,0.7183607504423627,High-income,Ohara_2017_ambulance
Ohara_2017_ambulance.sample_AW0941,3,0.03212586719248285,0.00968018050935504,High-income,Ohara_2017_ambulance
Ohara_2017_ambulance.sample_AW0943,6,1.1386091451653995,0.6258447258603584,High-income,Ohara_2017_ambulance
Ohara_2017_ambulance.sample_AW0964,2,0.6143684769667322,0.42331280505415225,High-income,Ohara_2017_ambulance
Ohara_2017_ambulance.sample_AW0965,7,1.3457253851718853,0.683653506448489,High-income,Ohara_2017_ambulance
Ohara_2017_ambulance.sample_AW0966,8,1.0175636763776235,0.5858202465875559,High-income,Ohara_2017_ambulance
Ohara_2017_ambulance.sample_AW0969,9,0.7570141559864099,0.4401798731704799,High-income,Ohara_2017_ambulance
Ohara_2017_ambulance.sample_AW0971,2,0.5420725005731883,0.3567020351688597,High-income,Ohara_2017_ambulance
Ohara_2017_ambulance.sample_AW0972,17,1.4357516607964231,0.5959688969299359,High-income,Ohara_2017_ambulance
Ohara_2017_ambulance.sample_AW0973,4,0.13173117582659644,0.04558586196127401,High-income,Ohara_2017_ambulance
Ohara_2017_ambulance.sample_AW0974,6,1.1298622068106492,0.6305154644792045,High-income,Ohara_2017_ambulance
Ohara_2017_ambulance.sample_AW0978,15,1.7031985219297134,0.7475213719051201,High-income,Ohara_2017_ambulance
Ohara_2017_ambulance.sample_AW0982,4,0.16943924519177303,0.06895489737191063,High-income,Ohara_2017_ambulance
Ohara_2017_ambulance.sample_AW0983,10,0.47060572598543443,0.18396301896969658,High-income,Ohara_2017_ambulance
Ohara_2017_ambulance.sample_AW0984,4,0.755944473423111,0.37217245189414006,High-income,Ohara_2017_ambulance
Ohara_2017_ambulance.sample_AW0989,2,0.48226103786511665,0.3044177089461064,High-income,Ohara_2017_ambulance
Ohara_2017_ambulance.sample_AW0993,2,0.002243863109192195,0.00048072980405078347,High-income,Ohara_2017_ambulance
Ohara_2017_ambulance.sample_AW0997,4,0.2771971697126875,0.12038342616255138,High-income,Ohara_2017_ambulance
Ohara_2017_ambulance.sample_AW0999,9,1.2799512167862006,0.5908389037900363,High-income,Ohara_2017_ambulance
Ohara_2017_ambulance.sample_AW1003,12,1.3262739422574052,0.6064060023843122,High-income,Ohara_2017_ambulance
Ohara_2017_ambulance.sample_AW1013,15,1.863357253416992,0.7918421472547081,High-income,Ohara_2017_ambulance
Ohara_2017_ambulance.sample_AW1063,13,0.8892781415568428,0.4983673569751914,High-income,Ohara_2017_ambulance
Ohara_2017_ambulance.sample_AW1083,10,1.8495969847783158,0.7941694058142889,High-income,Ohara_2017_ambulance
Ohara_2017_ambulance.sample_AW1103,19,2.256241666104505,0.848146055978806,High-income,Ohara_2017_ambulance
Ohara_2017_ambulance.sample_AW1111,2,0.0069175390426848135,0.001714994153100724,High-income,Ohara_2017_ambulance
Ohara_2017_ambulance.sample_AW1112,3,0.6882919311769617,0.4945020011278112,High-income,Ohara_2017_ambulance
Ohara_2017_ambulance.sample_AW1115,3,0.004041372785788111,0.0008773193555007275,High-income,Ohara_2017_ambulance
Ohara_2017_ambulance.sample_AW1116,13,1.1306859477914801,0.5962269092774282,High-income,Ohara_2017_ambulance
Ohara_2017_ambulance.sample_AW1117,15,0.4710928687767717,0.1613136246520247,High-income,Ohara_2017_ambulance
Ohara_2017_ambulance.sample_AW1118,13,1.1058304223617845,0.4265523349086524,High-income,Ohara_2017_ambulance
Ohara_2017_ambulance.sample_AW1119,15,2.236930321182271,0.8719197358930612,High-income,Ohara_2017_ambulance
Ohara_2017_ambulance.sample_AW1123,6,1.4247663231020133,0.7181360344364999,High-income,Ohara_2017_ambulance
Ohara_2017_ambulance.sample_AW1133,8,1.637762505317331,0.7665660520223578,High-income,Ohara_2017_ambulance
Ohara_2017_ambulance.sample_AW1143,4,0.8618162599062489,0.5349026726287036,High-income,Ohara_2017_ambulance
Ohara_2017_ambulance.sample_AW1153,6,1.510427479928644,0.7673296742864225,High-income,Ohara_2017_ambulance
Ohara_2017_ambulance.sample_AW1163,7,1.558093352063474,0.767092027058256,High-income,Ohara_2017_ambulance
Ohara_2017_ambulance.sample_AW1173,9,0.4897626134352598,0.2055106523239657,High-income,Ohara_2017_ambulance
Ohara_2017_ambulance.sample_AW1183,8,0.5865114212047879,0.2530180366242526,High-income,Ohara_2017_ambulance
Ohara_2017_ambulance.sample_AW1193,4,0.1819071587587036,0.07396097432933135,High-income,Ohara_2017_ambulance
Ohara_2017_ambulance.sample_AW1203,30,1.7878165851179202,0.7002121350344337,High-income,Ohara_2017_ambulance
Ohara_2017_ambulance.sample_AW1213,4,0.21668234668511663,0.0899858209529919,High-income,Ohara_2017_ambulance
Ohara_2017_ambulance.sample_AW1223,10,0.9187674145838625,0.5291393592143758,High-income,Ohara_2017_ambulance
Ohara_2017_ambulance.sample_AW1253,5,0.6367180664207863,0.3162642821969188,High-income,Ohara_2017_ambulance
Ohara_2017_ambulance.sample_AW1263,14,0.3154218236701982,0.10744259323821048,High-income,Ohara_2017_ambulance
Ohara_2017_ambulance.sample_AW1273,15,1.5747994004195742,0.7495189322678768,High-income,Ohara_2017_ambulance
Ohara_2017_ambulance.sample_AW1283,13,1.3188694329800323,0.5789083846673908,High-income,Ohara_2017_ambulance
Ohara_2017_ambulance.sample_AW1293,15,1.814941790867778,0.7958445379182869,High-income,Ohara_2017_ambulance
Ohara_2017_ambulance.sample_AW1303,13,1.1643277472100646,0.6188507916932717,High-income,Ohara_2017_ambulance
Ohara_2017_ambulance.sample_AW1313,12,1.3267525365274149,0.6245498182692253,High-income,Ohara_2017_ambulance
Ohara_2017_ambulance.sample_AW1323,12,1.4708447046406528,0.6260528558620926,High-income,Ohara_2017_ambulance
Ohara_2017_ambulance.sample_AW1333,12,0.9095557988384719,0.36418505497263287,High-income,Ohara_2017_ambulance
Ohara_2017_ambulance.sample_AW1901,12,1.8162085759879374,0.8109474513510933,High-income,Ohara_2017_ambulance
Ohara_2017_ambulance.sample_AW1902,25,2.3441042549576507,0.8506046017656106,High-income,Ohara_2017_ambulance
Ohara_2017_ambulance.sample_AW1903,7,0.9462044512208843,0.44295414644030995,High-income,Ohara_2017_ambulance
Ohara_2017_ambulance.sample_AW1904,4,0.05396210711035703,0.017487375861831467,High-income,Ohara_2017_ambulance
Ohara_2017_ambulance.sample_AW1913,3,0.12373805553877042,0.044676222922044984,High-income,Ohara_2017_ambulance
Ohara_2017_ambulance.sample_AW1915,11,1.3879348267721574,0.6091095004393019,High-income,Ohara_2017_ambulance
Ohara_2017_ambulance.sample_AW1919,6,1.425594942402057,0.7005248919058715,High-income,Ohara_2017_ambulance
Ohara_2017_ambulance.sample_AW1921,19,2.33801447994054,0.8655922295300376,High-income,Ohara_2017_ambulance
Ohara_2017_ambulance.sample_AW1924,21,2.1100537119161946,0.8025290377716997,High-income,Ohara_2017_ambulance
Ohara_2017_ambulance.sample_AW1926,49,2.6851404332092956,0.8898553436595883,High-income,Ohara_2017_ambulance
Ohara_2017_ambulance.sample_AW1931,23,2.3518554320416896,0.8305479814333948,High-income,Ohara_2017_ambulance
Ohara_2017_ambulance.sample_AW1932,5,0.4502718266817987,0.2237911663616835,High-income,Ohara_2017_ambulance
Ohara_2017_ambulance.sample_AW1933,7,0.7641732324708157,0.4810786635023768,High-income,Ohara_2017_ambulance
Ohara_2017_ambulance.sample_AW1934,18,1.8534813389252918,0.7635025508681668,High-income,Ohara_2017_ambulance
Ohara_2017_ambulance.sample_AW1935,6,1.154639632481992,0.6146801429918447,High-income,Ohara_2017_ambulance
Ohara_2017_ambulance.sample_AW1936,7,1.0913330283798734,0.6205371835316488,High-income,Ohara_2017_ambulance
Ohara_2017_ambulance.sample_AW1937,18,2.114131097297455,0.8140185455490471,High-income,Ohara_2017_ambulance
Ohara_2017_ambulance.sample_AW1940,3,0.007212597849761761,0.0017774431210313413,High-income,Ohara_2017_ambulance
Ohara_2017_ambulance.sample_AW1941,9,1.136407325008848,0.6699684809747382,High-income,Ohara_2017_ambulance
Ohara_2017_ambulance.sample_AW1945,32,2.5285553648242365,0.8647754767227044,High-income,Ohara_2017_ambulance
Ohara_2017_ambulance.sample_AW1946,33,2.0824157546346513,0.7941287005550259,High-income,Ohara_2017_ambulance
Ohara_2017_ambulance.sample_AW1947,17,1.8226057599787526,0.7400066632136221,High-income,Ohara_2017_ambulance
Ohara_2017_ambulance.sample_AW1948,14,2.1548562320021087,0.8569298286426169,High-income,Ohara_2017_ambulance
Ohara_2017_ambulance.sample_AW1949,6,1.1449467908850128,0.6364622750667009,High-income,Ohara_2017_ambulance
Qin_2020_air.sample_PM001,49,2.1333159919981086,0.6885190297278958,Upper-middle-income,Qin_2020_air
Qin_2020_air.sample_PM002,5,1.129939252742958,0.6455803405545156,Upper-middle-income,Qin_2020_air
Qin_2020_air.sample_PM003,167,3.172704559053135,0.8245292080028429,Upper-middle-income,Qin_2020_air
Qin_2020_air.sample_PM004,139,3.6270220299544933,0.9266141889541148,Upper-middle-income,Qin_2020_air
Qin_2020_air.sample_PM005,146,3.0219869834047843,0.829959504281286,Upper-middle-income,Qin_2020_air
Qin_2020_air.sample_PM006,216,3.9760804255271553,0.9370451809973287,Upper-middle-income,Qin_2020_air
Qin_2020_air.sample_PM007,140,3.3812133116999465,0.876218997241949,Upper-middle-income,Qin_2020_air
Qin_2020_air.sample_PM008,97,2.6464339028596022,0.7812728642269988,Upper-middle-income,Qin_2020_air
Qin_2020_air.sample_PM009,153,3.2989132638319347,0.8539671782495185,Upper-middle-income,Qin_2020_air
Qin_2020_air.sample_PM010,161,3.444064238204909,0.8843458050510533,Upper-middle-income,Qin_2020_air
Qin_2020_air.sample_PM011,7,1.414370729992448,0.7068976423172602,Upper-middle-income,Qin_2020_air
Qin_2020_air.sample_PM012,115,3.3852529088792545,0.9145635826381748,Upper-middle-income,Qin_2020_air
Qin_2020_air.sample_PM013,114,3.041398526235965,0.8357813902914293,Upper-middle-income,Qin_2020_air
Qin_2020_air.sample_PM014,137,3.338378697101517,0.916375319173704,Upper-middle-income,Qin_2020_air
Qin_2020_air.sample_PM015,185,3.9643680702203277,0.9363793219520065,Upper-middle-income,Qin_2020_air
Qin_2020_air.sample_PM016,46,2.176196518742928,0.7162077313437053,Upper-middle-income,Qin_2020_air
Qin_2020_air.sample_PM017,123,3.345180565449654,0.9152400463949301,Upper-middle-income,Qin_2020_air
Qin_2020_air.sample_PM018,108,3.250932917589322,0.8828748701123313,Upper-middle-income,Qin_2020_air
Qin_2020_air.sample_PM019,60,2.876514915215901,0.8814535937287489,Upper-middle-income,Qin_2020_air
Qin_2020_air.sample_PM020,111,3.151688088447567,0.8585358422350725,Upper-middle-income,Qin_2020_air
Qin_2020_air.sample_PM021,133,3.10851748273556,0.8341649896332873,Upper-middle-income,Qin_2020_air
Qin_2020_air.sample_PM022,182,3.5547734759523792,0.8768993355732193,Upper-middle-income,Qin_2020_air
Qin_2020_air.sample_PM023,202,3.9292401171765547,0.9414813875627053,Upper-middle-income,Qin_2020_air
Qin_2020_air.sample_PM024,42,2.392363741592601,0.8365160269742009,Upper-middle-income,Qin_2020_air
Qin_2020_air.sample_PM025,79,3.088670074753674,0.8829374615118413,Upper-middle-income,Qin_2020_air
Qin_2020_air.sample_PM026,148,3.1244921801561003,0.8338932963200877,Upper-middle-income,Qin_2020_air
Qin_2020_air.sample_PM027,74,2.539632390506114,0.7745215552234511,Upper-middle-income,Qin_2020_air
Qin_2020_air.sample_PM028,183,3.6828890326028594,0.9009773304875788,Upper-middle-income,Qin_2020_air
Qin_2020_air.sample_PM029,119,3.656333904783664,0.9370287885061914,Upper-middle-income,Qin_2020_air
Qin_2020_air.sample_PM030,55,1.954083389229173,0.7205201673497907,Upper-middle-income,Qin_2020_air
Qin_2020_air.sample_PM031,36,2.178644647862021,0.8172944514875109,Upper-middle-income,Qin_2020_air
Qin_2020_air.sample_PM032,78,2.603428050903843,0.7918674383821025,Upper-middle-income,Qin_2020_air
Qin_2020_air.sample_PM033,118,3.1399086619316443,0.8772992074213593,Upper-middle-income,Qin_2020_air
Qin_2020_air.sample_PM034,10,1.6393516148244418,0.7117524034657616,Upper-middle-income,Qin_2020_air
Qin_2020_air.sample_PM035,16,2.2953249377163263,0.874671833398169,Upper-middle-income,Qin_2020_air
Qin_2020_air.sample_PM036,123,3.1321890688188723,0.8469816679229192,Upper-middle-income,Qin_2020_air
Qin_2020_air.sample_PM037,56,2.578422774014065,0.8424188730198052,Upper-middle-income,Qin_2020_air
Qin_2020_air.sample_PM038,118,3.1986405491518055,0.8692380672814182,Upper-middle-income,Qin_2020_air
Qin_2020_air.sample_PM039,68,2.3080734187844256,0.7386123511691409,Upper-middle-income,Qin_2020_air
Qin_2020_air.sample_PM040,186,3.849660936939641,0.9214496773843432,Upper-middle-income,Qin_2020_air
Qin_2020_air.sample_PM041,129,3.6073744890890618,0.9266246181031981,Upper-middle-income,Qin_2020_air
Qin_2020_air.sample_PM042,116,3.2891341389078343,0.899971213583558,Upper-middle-income,Qin_2020_air
Qin_2020_air.sample_PM043,128,3.313351939104278,0.880958458280073,Upper-middle-income,Qin_2020_air
Qin_2020_air.sample_PM044,151,3.0535104313945,0.8115692836417936,Upper-middle-income,Qin_2020_air
Qin_2020_air.sample_PM045,50,1.919349449272982,0.6724026443905162,Upper-middle-income,Qin_2020_air
Qin_2020_air.sample_PM046,118,3.0713800294384557,0.8432373232465129,Upper-middle-income,Qin_2020_air
Qin_2020_air.sample_PM047,11,1.2926058427962095,0.5684114494144544,Upper-middle-income,Qin_2020_air
Qin_2020_air.sample_PM048,148,3.473240857508011,0.8788131547478444,Upper-middle-income,Qin_2020_air
Qin_2020_air.sample_PM049,73,2.4602347527818567,0.7603929705150403,Upper-middle-income,Qin_2020_air
Qin_2020_air.sample_PM050,164,3.542550422285262,0.9106336033336049,Upper-middle-income,Qin_2020_air
Qin_2020_air.sample_PM051,79,2.977039557075143,0.9006480621974801,Upper-middle-income,Qin_2020_air
Qin_2020_air.sample_PM052,80,2.763955312636469,0.8331672537957907,Upper-middle-income,Qin_2020_air
Qin_2020_air.sample_PM053,13,1.7825045064909737,0.7541180063169386,Upper-middle-income,Qin_2020_air
Qin_2020_air.sample_PM054,67,3.104553674349828,0.9077596697571609,Upper-middle-income,Qin_2020_air
Qin_2020_air.sample_PM055,151,3.6217751135584733,0.9198952756468942,Upper-middle-income,Qin_2020_air
Qin_2020_air.sample_PM056,247,3.5938014905427362,0.9449827995885091,Upper-middle-income,Qin_2020_air
Qin_2020_air.sample_PM057,166,3.4255431372034124,0.8693035858039267,Upper-middle-income,Qin_2020_air
Qin_2020_air.sample_PM058,199,3.855171420222221,0.9161189040715009,Upper-middle-income,Qin_2020_air
Qin_2020_air.sample_PM059,132,3.4945628754202813,0.9178044843181955,Upper-middle-income,Qin_2020_air
Qin_2020_air.sample_PM060,166,3.635841873501292,0.8924118944295565,Upper-middle-income,Qin_2020_air
Qin_2020_air.sample_PM061,161,3.558873352812655,0.8872562270425791,Upper-middle-income,Qin_2020_air
Qin_2020_air.sample_PM062,82,2.472539623450604,0.7488130027006585,Upper-middle-income,Qin_2020_air
Qin_2020_air.sample_PM063,119,2.9997361355711587,0.8453482362184968,Upper-middle-income,Qin_2020_air
Qin_2020_air.sample_PM064,93,2.5767648937358842,0.7905382996539312,Upper-middle-income,Qin_2020_air
Qin_2020_air.sample_PM065,168,3.5134768989125433,0.8862277531642722,Upper-middle-income,Qin_2020_air
Qin_2020_air.sample_PM066,101,3.1239424551233084,0.9004590972288237,Upper-middle-income,Qin_2020_air
Qin_2020_air.sample_PM067,142,3.9295694048800986,0.9578219332780776,Upper-middle-income,Qin_2020_air
Qin_2020_air.sample_PM068,111,2.9594751096630914,0.8475173077914172,Upper-middle-income,Qin_2020_air
Qin_2020_air.sample_PM069,141,3.327142993141189,0.8924025490198395,Upper-middle-income,Qin_2020_air
Qin_2020_air.sample_PM070,100,2.999741038491577,0.8268248288226346,Upper-middle-income,Qin_2020_air
Qin_2020_air.sample_PM071,96,2.760816621419621,0.8315159976454642,Upper-middle-income,Qin_2020_air
Qin_2020_air.sample_PM072,113,3.4382261547471966,0.9322462693261458,Upper-middle-income,Qin_2020_air
Qin_2020_air.sample_PM073,38,1.449541961546547,0.5504565809318787,Upper-middle-income,Qin_2020_air
Qin_2020_air.sample_PM074,84,2.9159278627487755,0.8448446451752005,Upper-middle-income,Qin_2020_air
Qin_2020_air.sample_PM075,51,2.6817693722396645,0.8470554461152489,Upper-middle-income,Qin_2020_air
Qin_2020_air.sample_PM076,121,3.556510305978546,0.9256255351829217,Upper-middle-income,Qin_2020_air
Qin_2020_air.sample_PM077,95,3.5390012991808537,0.933772566722752,Upper-middle-income,Qin_2020_air
Qin_2020_air.sample_PM078,194,3.901534567774441,0.9319781907032172,Upper-middle-income,Qin_2020_air
Qin_2020_air.sample_PM079,30,2.1125197800579962,0.795206464550265,Upper-middle-income,Qin_2020_air
Qin_2020_air.sample_PM080,114,2.7240233383961705,0.767141287053072,Upper-middle-income,Qin_2020_air
Qin_2020_air.sample_PM081,93,3.4439122908318707,0.9304317406797691,Upper-middle-income,Qin_2020_air
Qin_2020_air.sample_PM082,159,4.098401136040031,0.9681446316362764,Upper-middle-income,Qin_2020_air
Qin_2020_air.sample_PM083,186,3.6495832137166557,0.889810590108714,Upper-middle-income,Qin_2020_air
Qin_2020_air.sample_PM084,152,4.15654617396984,0.9704777642535156,Upper-middle-income,Qin_2020_air
Qin_2020_air.sample_PM085,153,3.3830228512887475,0.8599987055373818,Upper-middle-income,Qin_2020_air
Qin_2020_air.sample_PM086,121,3.4916094136772955,0.913268065736244,Upper-middle-income,Qin_2020_air
Qin_2020_air.sample_PM087,115,3.5569543880901042,0.9438324535875452,Upper-middle-income,Qin_2020_air
Qin_2020_air.sample_PM088,84,3.2640250513782862,0.9192616269151288,Upper-middle-income,Qin_2020_air
Qin_2020_air.sample_PM089,156,3.234602802484952,0.8541355625103735,Upper-middle-income,Qin_2020_air
Qin_2020_air.sample_PM090,149,3.4001839338950486,0.8929087345560206,Upper-middle-income,Qin_2020_air
Qin_2020_air.sample_PM091,88,2.6304572292857786,0.7870872190048535,Upper-middle-income,Qin_2020_air
Qin_2020_air.sample_PM092,78,2.4408148526211537,0.7217378094434248,Upper-middle-income,Qin_2020_air
Qin_2020_air.sample_PM093,120,3.024189614430492,0.8306637572767624,Upper-middle-income,Qin_2020_air
Qin_2020_air.sample_PM094,73,2.5682083979287675,0.8024887320643919,Upper-middle-income,Qin_2020_air
Qin_2020_air.sample_PM095,157,3.358251169756469,0.8621764292950427,Upper-middle-income,Qin_2020_air
Qin_2020_air.sample_PM096,206,3.8459724391562506,0.9450530567851552,Upper-middle-income,Qin_2020_air
Qin_2020_air.sample_PM097,113,2.887852391085673,0.821709938556116,Upper-middle-income,Qin_2020_air
Qin_2020_air.sample_PM098,89,3.529490101360944,0.92499547838509,Upper-middle-income,Qin_2020_air
Qin_2020_air.sample_PM099,61,3.005179552087792,0.887883682852256,Upper-middle-income,Qin_2020_air
Qin_2020_air.sample_PM100,88,2.6743187620050968,0.8058607232721,Upper-middle-income,Qin_2020_air
Qin_2020_air.sample_PM101,156,3.6709783586123974,0.9195489961957737,Upper-middle-income,Qin_2020_air
Qin_2020_air.sample_PM102,136,3.561202930887256,0.9073103004456535,Upper-middle-income,Qin_2020_air
Qin_2020_air.sample_PM103,99,2.9280815910057014,0.8410181345385608,Upper-middle-income,Qin_2020_air
Qin_2020_air.sample_PM104,98,2.666270849682829,0.7843781576830591,Upper-middle-income,Qin_2020_air
Qin_2020_air.sample_PM105,75,2.6730375187326034,0.8027722148234723,Upper-middle-income,Qin_2020_air
Qin_2020_air.sample_PM106,124,3.6169159826088384,0.9236511439270364,Upper-middle-income,Qin_2020_air
Shaffer_2021_EMP500.sample_13114.angenent.65.s001,10,0.7041730331609999,0.3081823084799974,High-income,Shaffer_2021_EMP500
Shaffer_2021_EMP500.sample_13114.angenent.65.s002,11,1.2844871520048615,0.6825758358610121,High-income,Shaffer_2021_EMP500
Shaffer_2021_EMP500.sample_13114.angenent.65.s003,2,0.23320121754510986,0.11680611140761044,High-income,Shaffer_2021_EMP500
Shaffer_2021_EMP500.sample_13114.angenent.65.s004,3,0.860887002756854,0.5014494433825188,High-income,Shaffer_2021_EMP500
Shaffer_2021_EMP500.sample_13114.angenent.65.s005,4,0.6212294247250795,0.36514134452177893,High-income,Shaffer_2021_EMP500
Shaffer_2021_EMP500.sample_13114.angenent.65.s006,2,0.07848605460337646,0.02983009132370351,High-income,Shaffer_2021_EMP500
Shaffer_2021_EMP500.sample_13114.angenent.65.s007,6,1.2124378680502048,0.6388203158832384,High-income,Shaffer_2021_EMP500
Shaffer_2021_EMP500.sample_13114.angenent.65.s008,1,-0.0,0.0,High-income,Shaffer_2021_EMP500
Shaffer_2021_EMP500.sample_13114.angenent.65.s009,6,0.8696972611067815,0.5439009046354086,High-income,Shaffer_2021_EMP500
Shaffer_2021_EMP500.sample_13114.mcmahon.21.s001,0,0.0,0.0,High-income,Shaffer_2021_EMP500
Shaffer_2021_EMP500.sample_13114.mcmahon.21.s002,1,-0.0,0.0,High-income,Shaffer_2021_EMP500
Shaffer_2021_EMP500.sample_13114.mcmahon.21.s003,1,-0.0,0.0,High-income,Shaffer_2021_EMP500
Shaffer_2021_EMP500.sample_13114.mcmahon.21.s004,2,0.6812269821921653,0.48812724115893547,High-income,Shaffer_2021_EMP500
Shaffer_2021_EMP500.sample_13114.mcmahon.21.s005,0,0.0,0.0,High-income,Shaffer_2021_EMP500
Shaffer_2021_EMP500.sample_13114.mcmahon.21.s006,0,0.0,0.0,High-income,Shaffer_2021_EMP500
Shaffer_2021_EMP500.sample_13114.mcmahon.21.s007,0,0.0,0.0,High-income,Shaffer_2021_EMP500
Shaffer_2021_EMP500.sample_13114.mcmahon.21.s008,5,0.4904234669797748,0.2946124382469427,High-income,Shaffer_2021_EMP500
Shaffer_2021_EMP500.sample_13114.mcmahon.21.s009,5,0.5130216660729083,0.3162036225875964,High-income,Shaffer_2021_EMP500
Shaffer_2021_EMP500.sample_13114.mcmahon.21.s010,6,0.5123955831756548,0.3111270344992052,High-income,Shaffer_2021_EMP500
Shaffer_2021_EMP500.sample_13114.mcmahon.21.s011,1,-0.0,0.0,High-income,Shaffer_2021_EMP500
Shaffer_2021_EMP500.sample_13114.mcmahon.21.s012,1,-0.0,0.0,High-income,Shaffer_2021_EMP500
Shaffer_2021_EMP500.sample_13114.mcmahon.21.s013,1,-0.0,0.0,High-income,Shaffer_2021_EMP500
Shaffer_2021_EMP500.sample_13114.mcmahon.21.s014,1,-0.0,0.0,High-income,Shaffer_2021_EMP500
Shaffer_2021_EMP500.sample_13114.mcmahon.21.s015,1,-0.0,0.0,High-income,Shaffer_2021_EMP500
Shaffer_2021_EMP500.sample_13114.mcmahon.21.s016,1,-0.0,0.0,High-income,Shaffer_2021_EMP500
Shaffer_2021_EMP500.sample_13114.mcmahon.21.s017,1,-0.0,0.0,High-income,Shaffer_2021_EMP500
Shaffer_2021_EMP500.sample_13114.metcalf.81.s001,2,0.13061323597282143,0.05597726065341546,High-income,Shaffer_2021_EMP500
Shaffer_2021_EMP500.sample_13114.metcalf.81.s002,3,0.3483012869345972,0.17476954464540695,High-income,Shaffer_2021_EMP500
Shaffer_2021_EMP500.sample_13114.metcalf.81.s003,3,0.1819310079193749,0.07925434442659685,High-income,Shaffer_2021_EMP500
Shaffer_2021_EMP500.sample_13114.seedorf.71.s004,2,0.6602252835516385,0.4674410045266759,High-income,Shaffer_2021_EMP500
Shaffer_2021_EMP500.sample_13114.seedorf.71.s009,0,0.0,0.0,High-income,Shaffer_2021_EMP500
Shaffer_2021_EMP500.sample_13114.seedorf.71.s010,0,0.0,0.0,High-income,Shaffer_2021_EMP500
Shaffer_2021_EMP500.sample_13114.seedorf.71.s011,0,0.0,0.0,High-income,Shaffer_2021_EMP500
Shaffer_2021_EMP500.sample_13114.seedorf.71.s012,0,0.0,0.0,High-income,Shaffer_2021_EMP500
Shaffer_2021_EMP500.sample_13114.seedorf.71.s014,0,0.0,0.0,High-income,Shaffer_2021_EMP500
Weinmaier_2015_cleanroom.sample_Gp0111873,1,-0.0,0.0,High-income,Weinmaier_2015_cleanroom
Weinmaier_2015_cleanroom.sample_Gp0111874,1,-0.0,0.0,High-income,Weinmaier_2015_cleanroom
Weinmaier_2015_cleanroom.sample_Gp0111875,1,-0.0,0.0,High-income,Weinmaier_2015_cleanroom
Weinmaier_2015_cleanroom.sample_Gp0111876,0,0.0,0.0,High-income,Weinmaier_2015_cleanroom
Weinmaier_2015_cleanroom.sample_Gp0111879,1,-0.0,0.0,High-income,Weinmaier_2015_cleanroom
Weinmaier_2015_cleanroom.sample_Gp0111880,5,1.5752397550035289,0.7855006782768138,High-income,Weinmaier_2015_cleanroom
Weinmaier_2015_cleanroom.sample_Gp0111881,3,0.745717975424546,0.41330626395878334,High-income,Weinmaier_2015_cleanroom
Weinmaier_2015_cleanroom.sample_Gp0111882,4,0.4013103488969557,0.1721337778554365,High-income,Weinmaier_2015_cleanroom
Weinmaier_2015_cleanroom.sample_Gp0111883,8,1.0607461668847513,0.4963499856159418,High-income,Weinmaier_2015_cleanroom
Weinmaier_2015_cleanroom.sample_Gp0111884,2,0.0155705594784548,0.004361210362786583,High-income,Weinmaier_2015_cleanroom
Weinmaier_2015_cleanroom.sample_Gp0111885,4,0.6545587008394629,0.4263994713886258,High-income,Weinmaier_2015_cleanroom
Weinmaier_2015_cleanroom.sample_Gp0111886,2,0.38369490867975725,0.22410718228092752,High-income,Weinmaier_2015_cleanroom
Weinmaier_2015_cleanroom.sample_Gp0111887,2,0.5057310555767146,0.32462296014671765,High-income,Weinmaier_2015_cleanroom
Weinmaier_2015_cleanroom.sample_Gp0115407,3,0.3660226142021566,0.1839168358010852,High-income,Weinmaier_2015_cleanroom
