species,high_income_mean,upper_middle_mean,log2_fold_change,p_value,high_prevalence,upper_prevalence,p_adjusted,significant
s__Tessaracoccus_flavus,1.2550120288692864e-05,0.2826734117647059,14.459135882434335,4.7312958903586596e-166,0.0016038492381716118,0.5764705882352941,3.780305416396569e-163,True
s__Arthrobacter_ruber,0.00048031275060144346,0.5804241764705883,10.238917490408154,5.886132166919818e-161,0.00400962309542903,0.5764705882352941,2.3515098006844672e-158,True
s__Arthrobacter_subterraneus,0.0,0.21675223529411763,31.01339972621251,1.943612008441625e-160,0.0,0.5470588235294118,5.176486649149527e-158,True
s__Streptococcus_alactolyticus,0.0021795429029671212,0.8929816470588235,8.678461045969021,4.612364669254775e-160,0.0008019246190858059,0.5529411764705883,9.213198426836413e-158,True
s__Ornithinimicrobium_flavum,5.898155573376103e-05,0.18502082352941177,11.615133708814627,2.1578881916993614e-159,0.0048115477145148355,0.5764705882352941,3.44830533033558e-157,True
s__Paracoccus_everestensis,0.0025349318364073776,2.0843129411764707,9.683409175521254,2.645609624812713e-158,0.007217321571772253,0.5882352941176471,3.523070150375596e-156,True
s__Paracoccus_endophyticus,2.8692862870890135e-05,0.41608035294117646,13.823877596437203,6.964344449914651e-158,0.0056134723336006415,0.5764705882352941,7.277868851287193e-156,True
s__GGB71953_SGB99001,0.001179494787489976,0.699804294117647,9.21263854196467,7.28697757325376e-158,0.006415396952686447,0.5823529411764706,7.277868851287193e-156,True
s__Ornithinimicrobium_kibberense,0.00040413793103448274,0.4165962941176471,10.009586169388957,9.35216328945063e-158,0.0056134723336006415,0.5764705882352941,8.302642742523393e-156,True
s__Belnapia_rosea,2.806736166800321e-05,0.14582423529411764,12.34304429218477,7.390489543181054e-152,0.00400962309542903,0.5470588235294118,5.905001145001662e-150,True
s__Janibacter_endophyticus,0.00018239775461106658,0.13780217647058826,9.561294199674844,1.3584189419464023e-151,0.00400962309542903,0.5470588235294118,9.867061223774323e-150,True
s__Rubellimicrobium_rubrum,1.61186848436247e-06,0.06673299999999999,15.337289205790972,2.1295297467072293e-151,0.0008019246190858059,0.5235294117647059,1.4179118896825634e-149,True
s__Geodermatophilus_sp_DSM_45219,0.0043828869286287086,0.6943432941176471,7.3076238269610325,1.5925549941486261e-150,0.007217321571772253,0.5647058823529412,9.788088002498094e-149,True
s__Roseomonas_pecuniae,0.007133336006415396,0.2467518235294118,5.112339985152352,2.5991196917648287e-149,0.008821170809943865,0.5705882352941176,1.4833547383714985e-147,True
s__Deinococcus_budaensis,0.0002656295108259824,0.13215847058823532,8.958637203242837,2.129232700423919e-147,0.00801924619085806,0.5588235294117647,1.0889769814128192e-145,True
s__Arsenicicoccus_bolidensis,0.007318155573376103,1.650216764705882,7.816959721975553,2.1806798125913777e-147,0.012028869286287089,0.5823529411764706,1.0889769814128192e-145,True
s__Piscicoccus_intestinalis,0.03314154771451483,0.5601547058823529,4.079112444402988,3.8360689829350037e-147,0.011226944667201283,0.5764705882352941,1.8029524219794516e-145,True
s__Blastococcus_aggregatus,8.493985565356858e-05,0.09589188235294117,10.140749620971018,1.6087818891953462e-146,0.0048115477145148355,0.5352941176470588,7.141204052594898e-145,True
s__Dietzia_kunjamensis,0.0016405453087409783,0.9724959411764705,9.21137289194155,3.8705900078402733e-146,0.012028869286287089,0.5764705882352941,1.62768495592862e-144,True
s__Paracoccus_chinensis,0.0004364394546912591,0.736253,10.720204032727764,9.761938356265362e-145,0.015236567762630313,0.5882352941176471,3.899894373328012e-143,True
s__Paracnuella_aquatica,5.5060144346431446e-05,0.06138935294117647,10.12276173823148,4.203055098770103e-144,0.0024057738572574178,0.5117647058823529,1.5991623923415774e-142,True
s__Altererythrobacter_sp_TH136,0.006047080994386528,0.11364141176470587,4.2321059239813925,3.2679940435381974e-142,0.009623095429029671,0.5529411764705883,1.1868760185395544e-140,True
s__Ornithinimicrobium_pekingense,0.0,0.04115494117647059,28.616490417621495,1.3431916297430578e-140,0.0,0.4823529411764706,4.666130922455231e-139,True
s__Kocuria_rosea,0.02053663191659984,14.664063235294117,9.479869596183942,7.642985699032919e-140,0.024859663191659984,0.6176470588235294,2.5444773223030426e-138,True
s__Deinococcus_reticulitermitis,0.00023684843624699277,0.1926293529411765,9.667647087901415,3.1637972907438656e-139,0.009623095429029671,0.5411764705882353,1.0111496141217395e-137,True
s__Tessaracoccus_sp_SD287,0.0008053568564554932,0.16339111764705883,7.664485475339137,6.587011368440366e-139,0.009623095429029671,0.5411764705882353,2.0242392628399432e-137,True
s__Arthrobacter_sp_Soil782,0.0,0.16359017647058824,30.60743897244684,8.25477695454409e-139,0.0,0.4764705882352941,2.442802513585455e-137,True
s__Pseudokineococcus_lusitanus,0.00012343223736968725,0.07471282352941175,9.241491668813598,1.2871571533204147e-137,0.006415396952686447,0.5176470588235295,3.672994876796469e-136,True
s__Microbacterium_sp_Marseille_Q6648,3.108259823576584e-05,0.054129588235294124,10.766089953749871,3.9829384322506446e-137,0.0032076984763432237,0.49411764705882355,1.0973682094373328e-135,True
s__Nocardioides_sp_STR3,0.0,0.048784764705882354,28.861855432077334,5.044138051324543e-137,0.0,0.47058823529411764,1.3434221010027699e-135,True
s__Agrococcus_lahaulensis,0.00013036888532477945,0.10550923529411764,9.660552876138286,2.1101198023264436e-135,0.00400962309542903,0.49411764705882355,5.438663619544607e-134,True
s__Comamonadaceae_unclassified_SGB108207,0.006166222935044106,0.6046566470588236,6.615585260406687,2.1850280246737675e-135,0.0136327185244587,0.5529411764705883,5.455741849107313e-134,True
s__Kocuria_sediminis,0.0052005292702485975,0.20242623529411763,5.282593987024295,4.33459309864978e-133,0.012830793905372895,0.5470588235294118,1.0494969350973255e-131,True
s__Janibacter_melonis,0.0018793584603047314,0.19695294117647058,6.711466809083125,5.361279160163514e-132,0.014434643143544507,0.5470588235294118,1.2599006026384258e-130,True
s__Planomicrobium_okeanokoites,0.0,0.08735029411764707,29.702237321606997,1.112144495264718e-131,0.0,0.45294117647058824,2.5388670049043132e-130,True
s__Planococcus_wigleyi,0.009948604651162792,0.5534456470588236,5.79780362131453,2.8867570240069707e-131,0.0024057738572574178,0.47058823529411764,6.4069968393932485e-130,True
s__Skermanella_aerolata,0.002780473135525261,0.8042084117647059,8.17609516628938,5.842697518068599e-131,0.023255813953488372,0.5823529411764706,1.261706842415354e-129,True
s__Nocardioides_seonyuensis,5.862068965517242e-06,0.04309647058823529,12.843847555177838,7.515086729934685e-130,0.0016038492381716118,0.4588235294117647,1.5801458676888983e-128,True
s__Psychrobacter_pasteurii,4.440256615878108e-05,0.08561758823529413,10.913045177307056,5.69062509177677e-128,0.0008019246190858059,0.4470588235294118,1.1658485764947792e-126,True
s__Micrococcus_flavus,0.010698773055332799,0.25866805882352945,4.59558464170582,1.4696222557952273e-127,0.00801924619085806,0.5,2.9355704559509667e-126,True
s__Blastococcus_saxobsidens,0.0001844426623897354,0.0516484705882353,8.129408643088562,4.346437518061785e-126,0.00400962309542903,0.4647058823529412,8.470252626661869e-125,True
s__Micrococcus_luteus_ATCC_49442,4.530874097834804e-06,0.10459523529411766,14.494636365281734,1.5678149936833702e-124,0.0016038492381716118,0.4411764705882353,2.9825813808405068e-123,True
s__Flavimobilis_marinus,0.002355942261427426,0.07619105882352942,5.015245557426291,1.7236319432092304e-123,0.0136327185244587,0.5176470588235295,3.2027486572655235e-122,True
s__Pseudarthrobacter_oxydans,2.5910184442662387e-05,0.1612821764705882,12.603774539919112,5.14952259285024e-123,0.00400962309542903,0.45294117647058824,9.351064890198504e-122,True
s__Pseudarthrobacter_polychromogenes,0.0,0.08077100000000001,29.589262161955347,7.988841757326823e-123,0.0,0.4235294117647059,1.418463236467585e-121,True
s__Propioniciclava_soli,7.222935044105854e-05,0.035096999999999996,8.92454481311194,9.665591608321695e-123,0.00400962309542903,0.45294117647058824,1.678871238054138e-121,True
s__Mycobacterium_doricum,0.004964410585404972,0.07733552941176469,3.961436996048602,3.7569754632122077e-121,0.014434643143544507,0.5176470588235295,6.386858287460753e-120,True
s__Corynebacterium_SGB61358,0.0018015557337610264,0.09155594117647058,5.667338239344366,6.956094205578932e-120,0.0032076984763432237,0.4411764705882353,1.1578998479703263e-118,True
s__GGB71854_SGB98855,4.63672814755413e-05,0.039816882352941174,9.746054296187085,4.586433829080625e-119,0.0024057738572574178,0.4294117647058823,7.478695162113102e-118,True
s__Paracoccus_acridae,0.0002138492381716119,0.06065088235294118,8.147790083753966,7.120816342902806e-119,0.0024057738572574178,0.4294117647058823,1.1379064515958683e-117,True
s__Sphingomonas_sp_S_NIH_Pt15_0812,1.733761026463512e-05,0.06618229411764706,11.898316209318093,1.694992138973734e-117,0.0032076984763432237,0.4294117647058823,2.6554876843921827e-116,True
s__Deinococcus_sp_NW_56,1.5677626303127506e-05,0.042977529411764706,11.420650494416114,2.1704974677624978e-117,0.0008019246190858059,0.4117647058823529,3.3350528398889145e-116,True
s__Psychrobacter_fulvigenes,0.0,0.05458394117647058,29.02390132840371,8.780111943861433e-116,0.0,0.4,1.3236432911594879e-114,True
s__Spirosoma_sp_RHs26,1.893344025661588e-05,0.04814811764705883,11.3123194883947,1.5106112919224044e-115,0.0016038492381716118,0.4117647058823529,2.2351452263814834e-114,True
s__Citricoccus_sp_CH26A,0.00019344827586206896,0.04606917647058824,7.895709385190332,2.219824018624294e-115,0.0008019246190858059,0.40588235294117647,3.192478294772552e-114,True
s__Dietzia_cercidiphylli,0.0021429671210906175,0.19893441176470592,6.536539263636265,2.2375317209920265e-115,0.008821170809943865,0.4647058823529412,3.192478294772552e-114,True
s__Pantoea_ananatis,0.0018779871692060947,0.16685823529411767,6.473291800123677,3.519189277901291e-115,0.0056134723336006415,0.4411764705882353,4.9330390053388276e-114,True
s__Williamsia_marianensis,0.012397562149157978,0.0822450588235294,2.7298725387010605,9.013700023903888e-115,0.02566158781074579,0.5529411764705883,1.2417148826033115e-113,True
s__Iamia_sp_SCSIO_61187,5.625501202886929e-05,0.01954464705882353,8.440573621190195,3.7497074770482335e-114,0.0056134723336006415,0.43529411764705883,5.077993685019557e-113,True
s__Tsuneonella_troitsensis,2.4667201283079393e-05,0.03522429411764706,10.479755197728595,4.995506596937837e-114,0.00400962309542903,0.4235294117647059,6.652349618255553e-113,True
s__Modestobacter_marinus,0.0003878027265437049,0.06221758823529412,7.3258553455725055,9.803280149273075e-114,0.007217321571772253,0.4470588235294118,1.284068990044129e-112,True
s__Brachybacterium_muris,0.007150617481956696,0.11823035294117648,4.047388803606918,1.312761775645843e-113,0.01603849238171612,0.5,1.691768804421014e-112,True
s__Lactobacillus_amylovorus,0.00010259823576583801,0.19447176470588232,10.888337662014957,1.7897016747310101e-113,0.00801924619085806,0.4470588235294118,2.269796250968376e-112,True
s__Knoellia_aerolata,8.429029671210906e-05,0.05120335294117647,9.246654299709194,2.2557894894732326e-112,0.0048115477145148355,0.4235294117647059,2.8162121907642388e-111,True
s__Kocuria_polaris,0.0,0.03274135294117647,28.28653870172529,2.8146950916425116e-112,0.0,0.38823529411764707,3.4599098126497956e-111,True
s__GGB87584_SGB122631,1.748195669607057e-06,0.09951788235294118,15.79671897532102,3.50004413246674e-112,0.0008019246190858059,0.3941176470588235,4.237174639152917e-111,True
s__Janibacter_anophelis,0.00010852445870088212,0.03774635294117647,8.442171895240246,7.792938545609841e-112,0.0016038492381716118,0.4,9.29336999692875e-111,True
s__Corynebacterium_gallinarum,0.0,0.04018564705882353,28.582105074677276,1.580410274445422e-110,0.0,0.38235294117647056,1.8569820724733709e-109,True
s__Nitrosospira_briensis,2.4057738572574174e-07,0.10594111764705884,18.74773061332152,1.9860340474528337e-110,0.0008019246190858059,0.38823529411764707,2.299769860746108e-109,True
s__Serinicoccus_profundi,0.007769591018444267,0.10455358823529412,3.750260089083205,2.306489678039508e-109,0.010425020048115477,0.45294117647058824,2.6326932182193813e-108,True
s__Planococcus_sp_4_30,0.0,0.13623564705882352,30.34345709955648,8.824637485094133e-109,0.0,0.3764705882352941,9.792896320264183e-108,True
s__Corynebacterium_marinum,0.0,0.06696205882352942,29.31876864709914,8.824637485094133e-109,0.0,0.3764705882352941,9.792896320264183e-108,True
s__Blastococcus_sp_TBT05_19,1.4723336006415396e-05,0.03350064705882353,11.151858857949321,1.4796510562281579e-108,0.0016038492381716118,0.38823529411764707,1.6195084848305454e-107,True
s__Kocuria_carniphila,0.020183584603047314,0.1331914705882353,2.722247366115072,2.061657709259049e-108,0.018444266238973536,0.5,2.2260331212134865e-107,True
s__Corynebacterium_maris,0.0,0.020527647058823525,27.612993036968128,4.900222222477685e-107,0.0,0.37058823529411766,5.151701605866914e-106,True
s__Paracoccus_sp_MC1854,0.0,0.026853588235294115,28.00053964163496,4.9002418278583915e-107,0.0,0.37058823529411766,5.151701605866914e-106,True
s__Nocardioides_ganghwensis,6.495589414595028e-07,0.026006117647058825,15.288808991437788,6.212253456240688e-107,0.0008019246190858059,0.3764705882352941,6.44622144355365e-106,True
s__Deinococcus_ficus,8.95429029671211e-05,0.06657817647058822,9.538252941318994,9.306665780803961e-107,0.00400962309542903,0.4,9.533366613926107e-106,True
s__Georgenia_muralis,6.833199679230153e-05,0.01575658823529412,7.849176079474687,9.89041819557856e-107,0.0048115477145148355,0.40588235294117647,1.0003093845907937e-105,True
s__Micrococcus_terreus,0.005078179631114675,0.11022458823529407,4.439990821649543,4.9233140183725015e-106,0.015236567762630313,0.47058823529411764,4.9171598758495364e-105,True
s__Deinococcus_terrestris,2.742582197273456e-06,0.026636235294117645,13.245515111980941,3.59477644928889e-105,0.0008019246190858059,0.37058823529411766,3.545958497508424e-104,True
s__Methylorubrum_extorquens,0.004275412991178829,0.088364,4.369323003419174,4.321423170284372e-104,0.010425020048115477,0.43529411764705883,4.2107525768990406e-103,True
s__Clostridium_SGB6173,1.0809943865276664e-05,0.20345782352941175,14.200069760156309,6.332603249252228e-104,0.0056134723336006415,0.4,6.096084332713892e-103,True
s__Janibacter_terrae,0.0,0.032104588235294114,28.25820425879923,1.4861418482389987e-103,0.0,0.3588235294117647,1.3969733373446589e-102,True
s__Tessaracoccus_rhinocerotis,0.0,0.011060764705882353,26.72087590448216,1.4861418482389987e-103,0.0,0.3588235294117647,1.3969733373446589e-102,True
s__Cellulomonas_endophytica,3.9270248596631916e-05,0.024333117647058825,9.275265061382086,1.6553066444949144e-103,0.0048115477145148355,0.3941176470588235,1.5378953592458566e-102,True
s__Acidimicrobiia_unclassified_SGB55946,1.7465918203688853e-05,0.024319176470588236,10.443327916756795,2.6344046369196356e-103,0.0016038492381716118,0.37058823529411766,2.4194129941365387e-102,True
s__Nakamurella_deserti,2.1387329591018445e-05,0.022459,10.036314878155977,3.479422166888944e-103,0.0032076984763432237,0.38235294117647056,3.1591571719821207e-102,True
s__Sphingomonas_carotinifaciens,0.0022095829991980753,0.07798841176470589,5.141413677970999,6.016103001995262e-103,0.0056134723336006415,0.4,5.400973369206982e-102,True
s__Methylobacterium_brachiatum,0.0035326383319967923,0.18190952941176472,5.686331215816771,1.2060058976001088e-102,0.009623095429029671,0.4235294117647059,1.0706652357583189e-101,True
s__Methylobacterium_sp_Leaf125,0.0068102646351242985,0.15626611764705883,4.520150309885508,1.232100030710164e-102,0.011226944667201283,0.43529411764705883,1.0818109060850781e-101,True
s__Staphylococcus_equorum,0.018099502806736167,0.14337835294117648,2.9858052453418398,1.0136260143440198e-101,0.007217321571772253,0.40588235294117647,8.803121581096433e-101,True
s__Brachybacterium_massiliense,4.161186848436247e-05,0.048593764705882364,10.189556956630307,1.3047951671976493e-101,0.0032076984763432237,0.3764705882352941,1.1210014393450773e-100,True
s__Hymenobacter_setariae,1.892542101042502e-06,0.028717529411764704,13.889242400110376,6.712495863281251e-100,0.0024057738572574178,0.36470588235294116,5.7056214837890635e-99,True
s__Chryseobacterium_sp_GCR5,0.0007590056134723336,0.051191941176470586,6.075662160660594,1.5578257085049994e-99,0.0016038492381716118,0.3588235294117647,1.310213411679468e-98,True
s__Microbacterium_sp_KSW4_6,0.0052909542902967125,0.062456823529411766,3.561259313569038,2.0974250998067258e-98,0.012830793905372895,0.4294117647058823,1.7456694320266394e-97,True
s__Corynebacterium_stationis,0.021224755412991177,0.08667176470588236,2.0298141454683227,2.231237870624038e-97,0.0048115477145148355,0.3764705882352941,1.8378959367305218e-96,True
s__GGB90611_SGB127288,0.0,0.0799984705882353,29.57539717970405,1.2796781150179323e-96,0.0,0.3352941176470588,1.0433294019380898e-95,True
s__Nitrospira_defluvii,2.8251804330392947e-05,0.07765058823529411,11.424433023969904,1.7065644963428216e-96,0.00400962309542903,0.36470588235294116,1.3773182147251661e-95,True
s__Mobilicoccus_SGB87607,0.0007548516439454692,0.031023411764705883,5.3610202273919505,4.022616712420963e-96,0.0024057738572574178,0.35294117647058826,3.2140707532243494e-95,True
s__Paracoccus_aminovorans,0.0,13.797890823529414,37.005656794036135,6.837940172173312e-95,0.0,0.32941176470588235,5.40941999759057e-94,True
s__Microlunatus_sagamiharensis,0.00014065757818765038,0.054031470588235306,8.585467832847725,8.566262493364174e-95,0.006415396952686447,0.3764705882352941,6.710238953135269e-94,True
s__Sphingomonas_endophytica,7.032878909382518e-05,0.06418570588235294,9.83391890386079,1.2612797883523482e-94,0.00400962309542903,0.3588235294117647,9.784102435859477e-94,True
s__Blastococcus_sp_LR1,1.103448275862069e-05,0.016377235294117647,10.535444044710415,1.2858090543721737e-94,0.0024057738572574178,0.34705882352941175,9.878475331186219e-94,True
s__Methylobacterium_longum,0.018671018444266243,0.17298876470588237,3.211805804471228,3.564346752529218e-94,0.010425020048115477,0.4,2.7122981478769954e-93,True
s__Yimella_lutea,0.0012621331194867683,0.030454588235294122,4.592723501722276,5.029956972194062e-94,0.011226944667201283,0.40588235294117647,3.76265189619915e-93,True
s__Lactobacillus_johnsonii,0.004997000801924619,0.074952,3.9068325935340176,5.038845468001365e-94,0.0032076984763432237,0.35294117647058826,3.76265189619915e-93,True
s__Bifidobacterium_pseudolongum,2.277465918203689e-05,0.038864823529411764,10.736813454692202,5.372476462523638e-93,0.0008019246190858059,0.32941176470588235,3.9746376792188764e-92,True
s__Qipengyuania_vulgaris,1.2902967121090617e-05,0.01623511764705882,10.297188090674577,5.915353633519394e-93,0.0008019246190858059,0.32941176470588235,4.336117021267886e-92,True
s__Saccharopolyspora_rectivirgula,0.4125005533279872,0.22205617647058823,-0.8934713540070259,4.693757306096279e-92,0.010425020048115477,0.4,3.409374625064479e-91,True
s__GGB53661_SGB74794,0.0,0.07587805882352942,29.499107531980908,1.0098250370328926e-89,0.0,0.31176470588235294,7.268920762065596e-89,True
s__Nocardioides_kribbensis,2.6255012028869286e-05,0.015533117647058826,9.208533364030874,2.3543677947661935e-89,0.0032076984763432237,0.3352941176470588,1.6795891678733825e-88,True
s__Mesorhizobium_sp_RP14_2022,0.00041510024057738576,0.01727029411764706,5.378688735050013,3.5830151723225134e-89,0.0024057738572574178,0.32941176470588235,2.533477099721848e-88,True
s__Paracoccus_marcusii,0.15154059342421813,1.164384882352941,2.9417918051762717,8.133585778942633e-89,0.06094627105052125,0.5823529411764706,5.700644769627337e-88,True
s__Arthrobacter_sp_AFG7_2,0.0,0.01950435294117647,27.53922090410244,5.280244063235228e-88,0.0,0.3058823529411765,3.605924470046354e-87,True
s__Cupriavidus_sp_EM10,0.0,0.09177735294117648,29.773562957552766,5.280264868528453e-88,0.0,0.3058823529411765,3.605924470046354e-87,True
s__Microcoleus_sp_FACHB_1,0.0,0.037827823529411754,28.494872534445317,5.280264868528453e-88,0.0,0.3058823529411765,3.605924470046354e-87,True
s__Nocardioides_lacusdianchii,2.7169206094627106e-05,0.016407529411764703,9.23816459317046,8.861220998583027e-88,0.00400962309542903,0.3352941176470588,6.000097947345626e-87,True
s__Ruoffia_tabacinasalis,0.0017784282277465916,0.04672835294117647,4.715623450973182,2.080688352499891e-87,0.0032076984763432237,0.32941176470588235,1.3970336081070699e-86,True
s__Aeromicrobium_sp_50_2_37,1.740176423416199e-05,0.016450647058823528,9.884686756528293,4.936042274881279e-86,0.0032076984763432237,0.3235294117647059,3.286581481358451e-85,True
s__Microbacterium_enclense,0.0010956776263031274,0.036398294117647056,5.05397541777487,5.950512009116613e-86,0.007217321571772253,0.35294117647058826,3.929305037424937e-85,True
s__Hymenobacter_sp_5413J_13,0.0,0.02174570588235294,27.696155306286997,1.4205836270562078e-84,0.0,0.29411764705882354,9.228018845674065e-84,True
s__GGB94410_SGB128214,0.0,0.05589264705882354,29.058083263898638,1.4205836270562078e-84,0.0,0.29411764705882354,9.228018845674065e-84,True
s__Blastococcus_sp_DSM_44268,8.17401764234162e-05,0.011667882352941177,7.157279919609674,2.504203654752205e-84,0.0056134723336006415,0.3352941176470588,1.6135957420540418e-83,True
s__Rhodococcus_fascians,0.014811507618283882,0.05051135294117647,1.7698891821961098,2.6392114739746146e-84,0.01603849238171612,0.4,1.6869839741645737e-83,True
s__Jeotgalicoccus_aerolatus,0.004658283881315156,0.07163423529411765,3.9427787464692607,2.722511863450409e-84,0.00801924619085806,0.35294117647058826,1.7264182372197434e-83,True
s__Pseudorhizobium_banfieldiae,1.3600641539695267e-05,0.009250411764705882,9.409688479043215,2.9704869943024507e-84,0.0024057738572574178,0.31176470588235294,1.8688339436595736e-83,True
s__Chryseomicrobium_aureum,0.004017377706495589,0.017720999999999997,2.141133977605538,6.006255017930359e-84,0.0016038492381716118,0.3058823529411765,3.749216999473716e-83,True
s__Allocoleopsis_franciscana,0.0,0.009582705882352941,26.51392976861486,7.309397715365494e-83,0.0,0.28823529411764703,4.5272936237031237e-82,True
s__Achromobacter_denitrificans,0.003237514033680834,2.6779088235294117,9.69200463481812,1.6657653916194662e-82,0.0016038492381716118,0.3,1.023805036849195e-81,True
s__Dankookia_rubra,4.3520449077786686e-05,0.013005705882352942,8.223232240684336,2.0664262980435666e-82,0.00400962309542903,0.3176470588235294,1.2603622993410761e-81,True
s__Friedmanniella_luteola,1.5316760224538893e-06,0.009236411764705882,12.557911430394437,5.505591880308804e-81,0.0008019246190858059,0.28823529411764703,3.3325514487626772e-80,True
s__Modestobacter_muralis,0.00030573376102646356,0.006487529411764705,4.407320946916224,9.04627377130063e-81,0.007217321571772253,0.3352941176470588,5.4345659723828594e-80,True
s__Tessaracoccus_lapidicaptus,0.00016977546110665597,0.020696764705882352,6.929632661265113,9.309410126187444e-81,0.0008019246190858059,0.28823529411764703,5.550909470764006e-80,True
s__Skermanella_rosea,7.732157177225342e-05,0.021818529411764705,8.140465326884202,1.106895938805481e-80,0.0016038492381716118,0.29411764705882354,6.55118411189318e-80,True
s__Nocardioides_terrigena,0.00022679230152365678,0.020664058823529414,6.509607547307335,1.2807323397045422e-79,0.007217321571772253,0.32941176470588235,7.524302495764185e-79,True
s__Brachybacterium_paraconglomeratum,0.021909101844426623,0.06989617647058823,1.6736831907271457,4.007850872432682e-79,0.024859663191659984,0.4294117647058823,2.337425435820228e-78,True
s__Microbacterium_testaceum,0.0006085645549318363,0.06292635294117646,6.6921099768665,6.076607366996524e-78,0.00801924619085806,0.32941176470588235,3.518267598717553e-77,True
s__Nocardioides_piscis,0.0,0.012071117647058822,26.846984030343208,9.64372942099633e-78,0.0,0.27058823529411763,5.543409933364077e-77,True
s__Nocardiopsis_dassonvillei,2.6768243785084203e-05,0.04147405882352941,10.597465651318414,1.6288816889379826e-77,0.0008019246190858059,0.27647058823529413,9.296260496153201e-77,True
s__Nitrobacter_vulgaris,0.0,0.029514000000000002,28.136824224882105,4.8577290030040385e-76,0.0,0.2647058823529412,2.7527131017022886e-75,True
s__Nitrospira_sp_ND1,6.992782678428228e-06,0.04392823529411764,12.616973625911697,7.708400061837499e-76,0.0008019246190858059,0.27058823529411763,4.3373321474705367e-75,True
s__Pseudomonas_knackmussii,0.1376515477145148,0.15590894117647058,0.1796828357094524,7.780984207285264e-76,0.053728949478749,0.5176470588235295,4.347556910224424e-75,True
s__Quadrisphaera_sp_INWT6,2.2052927024859664e-06,0.015832588235294116,12.809573936606315,9.748456790696819e-76,0.0016038492381716118,0.27647058823529413,5.409039566504693e-75,True
s__Jeotgalicoccus_psychrophilus,9.125902165196471e-05,0.030143176470588236,8.367646976525291,1.0755902735828938e-75,0.0008019246190858059,0.27058823529411763,5.926873300639531e-75,True
s__Modestobacter_caceresii,0.00014557337610264637,0.012026117647058823,6.368279662457359,1.3182885421801371e-75,0.0056134723336006415,0.3058823529411765,7.214469487684449e-75,True
s__Kocuria_dechangensis,0.0,0.01153629411764706,26.781604623253482,2.4340635369733254e-74,0.0,0.25882352941176473,1.3230046027494468e-73,True
s__Arthrobacter_agilis,0.0007560465116279069,0.01739029411764706,4.523663348936143,5.367372076764191e-74,0.00801924619085806,0.3176470588235294,2.897655600901749e-73,True
s__Methylobacterium_sp_J_067,0.00042530874097834807,0.040985647058823536,6.590464122985677,6.060948676182137e-74,0.0048115477145148355,0.29411764705882354,3.250132880717804e-73,True
s__Nitrososphaerales_unclassified_SGB122570,0.019686495589414595,0.028665823529411764,0.5421254052993052,6.343223295627452e-74,0.0008019246190858059,0.2647058823529412,3.378823608804223e-73,True
s__Brevibacterium_epidermidis,0.0004181234963913392,0.027489411764705884,6.038802767784428,9.37798475192652e-74,0.0024057738572574178,0.27647058823529413,4.962258156814099e-73,True
s__Geodermatophilus_obscurus,0.002273039294306335,0.18119047058823526,6.316740583916006,1.351734777567068e-73,0.0056134723336006415,0.3,7.105500574184786e-73,True
s__GGB44536_SGB61974,0.0,0.0876820588235294,29.707706434722727,1.2132514400807889e-72,0.0,0.2529411764705882,6.214025004003527e-72,True
s__Kaistella_solincola,0.0,0.04807429411764705,28.840690436504428,1.2132514400807889e-72,0.0,0.2529411764705882,6.214025004003527e-72,True
s__Planococcus_sp_MB_3u_03,0.0,0.026451117647058823,27.978753446809353,1.2132514400807889e-72,0.0,0.2529411764705882,6.214025004003527e-72,True
s__GGB42932_SGB60155,0.0,0.014319411764705884,27.09339699769988,1.2132514400807889e-72,0.0,0.2529411764705882,6.214025004003527e-72,True
s__Microbacterium_marinum,0.00022870890136327186,0.013689235294117651,5.9033849101459195,1.2899212710384836e-72,0.007217321571772253,0.3058823529411765,6.564631181909226e-72,True
s__Paracoccus_sphaerophysae,0.014427522052927027,0.07145270588235295,2.308165102381733,1.5509591323876151e-72,0.022453889334402566,0.3941176470588235,7.843141435301928e-72,True
s__Limosilactobacillus_reuteri,0.00428990376904571,0.04723735294117646,3.460910900812086,1.6003209801164066e-72,0.007217321571772253,0.3058823529411765,8.041864547880559e-72,True
s__Noviherbaspirillum_soli,1.603849238171612e-08,0.004023411764705882,17.927554092473905,1.86891754237366e-72,0.0008019246190858059,0.25882352941176473,9.332906977228465e-72,True
s__Pedobacter_agri,7.72253408179631e-06,0.02823541176470588,11.836125040939033,2.411394280288146e-72,0.0032076984763432237,0.27647058823529413,1.1967105776088377e-71,True
s__Leucobacter_tardus,0.0001426944667201283,0.009298529411764707,6.026000275055953,3.113250856896016e-72,0.0008019246190858059,0.25882352941176473,1.5354860707777266e-71,True
s__Ornithinimicrobium_cerasi,0.0001399278267842823,0.010797117647058822,6.269818507153939,4.5135122581931633e-72,0.0048115477145148355,0.28823529411764703,2.2124517142922315e-71,True
s__Lactobacillus_gallinarum,0.04310267842822775,0.06347276470588235,0.5583601607983453,5.119518461838984e-72,0.011226944667201283,0.3352941176470588,2.4942044213471637e-71,True
s__Carnobacterium_viridans,0.011009230152365677,0.13722605882352942,3.6397689654785053,1.0690999772138019e-71,0.019246190858059342,0.37058823529411766,5.1770356472353195e-71,True
s__Blastococcus_sp_CT_GayMR19,0.0,0.017266117647058824,27.363368491259596,6.0158715279558605e-71,0.0,0.24705882352941178,2.8782523058902588e-70,True
s__Ralstonia_insidiosa,0.0,4.630731117647059,35.43052093861772,6.0158715279558605e-71,0.0,0.24705882352941178,2.8782523058902588e-70,True
s__Sphingomonas_aerophila,2.2453889334402564e-07,0.02053758823529412,16.480299521364188,9.460323154633197e-71,0.0008019246190858059,0.2529411764705882,4.49928464318567e-70,True
s__Collinsella_intestinalis,0.003578179631114675,0.022506235294117646,2.6530269975989755,1.1483553973725266e-70,0.00801924619085806,0.3058823529411765,5.4292068787020637e-70,True
s__Curtobacterium_sp_ER1_6,5.613472333600641e-06,0.04561405882352941,12.988271775056699,1.288138682317754e-70,0.0016038492381716118,0.25882352941176473,6.054251806893444e-70,True
s__Saccharopolyspora_hordei,0.008136222935044107,0.02124735294117647,1.3848519910940258,4.2511744978618364e-70,0.0024057738572574178,0.2647058823529412,1.9863674992933374e-69,True
s__GGB71872_SGB98877,0.00019744186046511626,0.029476882352941176,7.222011514668916,2.947198007522368e-69,0.006415396952686447,0.28823529411764703,1.3690762837269606e-68,True
s__Paeniglutamicibacter_sp_ABSL32_1,0.0,0.020696352941176468,27.624801328130324,2.9674543469193243e-69,0.0,0.2411764705882353,1.3705179324789247e-68,True
s__Lysobacter_luteus,4.00962309542903e-07,0.007521058823529412,14.194821786239016,4.651566983942781e-69,0.0008019246190858059,0.24705882352941178,2.1359781725116564e-68,True
s__Brucella_anthropi,3.1194867682437855e-05,0.22718658823529414,12.830276734461018,6.289927095389248e-69,0.0016038492381716118,0.2529411764705882,2.871800999552005e-68,True
s__Propioniciclava_sinopodophylli,0.0014889334402566157,0.2993935294117647,7.651619872499228,7.406978478096961e-68,0.08500400962309543,0.5352941176470588,3.362599888636064e-67,True
s__GGB95251_SGB130640,0.0,0.03341841176470588,28.316067933271363,1.45618523121931e-67,0.0,0.23529411764705882,6.573401128498467e-67,True
s__Roseomonas_sp_KE2513,2.7906976744186046e-06,0.004748176470588235,10.732480333631832,3.328353210899294e-67,0.0024057738572574178,0.2529411764705882,1.4940192221958064e-66,True
s__Rhodobacter_xinxiangensis,3.847634322373697e-05,0.007408235294117648,7.589010688214476,3.361033185748751e-67,0.0008019246190858059,0.2411764705882353,1.500260064476677e-66,True
s__Cryobacterium_sp_1639,1.0898155573376104e-05,0.046736705882352944,12.066243111917128,3.6323302491692865e-67,0.0016038492381716118,0.24705882352941178,1.6123510383812555e-66,True
s__Saccharomonospora_glauca,0.08032124298315958,0.023179176470588238,-1.7929522809897218,6.931318401616182e-67,0.0016038492381716118,0.24705882352941178,3.0597366866802924e-66,True
s__Geodermatophilus_africanus,0.00016771451483560542,0.015165882352941175,6.498677223460742,9.732754336757913e-67,0.0032076984763432237,0.25882352941176473,4.2727861071810844e-66,True
s__Aerococcus_urinaeequi,0.036528299919807536,0.11867994117647059,1.699989598877445,1.0822378254426747e-66,0.03528468323977546,0.4235294117647059,4.725180450976487e-66,True
s__GGB44036_SGB61412,0.0001926222935044106,0.08269782352941175,8.745930117204841,4.856196272912311e-66,0.006415396952686447,0.27647058823529413,2.108750446770074e-65,True
s__Rhodococcus_phenolicus,0.0,1.6670414117647059,33.956570892399974,7.108959718219056e-66,0.0,0.22941176470588234,3.0213078802430988e-65,True
s__Mycetocola_manganoxydans,0.0,0.0068493529411764705,26.029464388289714,7.108959718219056e-66,0.0,0.22941176470588234,3.0213078802430988e-65,True
s__Salinimicrobium_sediminis,0.0,0.005928352941176471,25.82112802878993,7.108959718219056e-66,0.0,0.22941176470588234,3.0213078802430988e-65,True
s__GGB63475_SGB126072,0.0,0.025565117647058825,27.92960142986096,7.108959718219056e-66,0.0,0.22941176470588234,3.0213078802430988e-65,True
s__Streptomyces_sp_7_21,2.1595829991980752e-05,0.014550529411764703,9.396096495117858,1.4185241734207587e-65,0.0008019246190858059,0.23529411764705882,5.996829706683526e-65,True
s__Aureimonas_ureilytica,1.876503608660786e-06,0.013482529411764706,12.810679626626627,1.5268563057539803e-65,0.0016038492381716118,0.2411764705882353,6.420832569986475e-65,True
s__Phocaeicola_barnesiae,0.0001134963913392141,0.01855194117647059,7.352778649886194,2.5112507202218876e-65,0.0024057738572574178,0.24705882352941178,1.0505179714436062e-64,True
s__Hymenobacter_sp_DG01,4.105854049719326e-05,0.008007411764705883,7.607506344725224,2.6987601780541204e-65,0.0032076984763432237,0.2529411764705882,1.123077803263147e-64,True
s__Microbacterium_oleivorans,0.015809462710505214,0.02744058823529412,0.7955230664849892,6.003255167846471e-65,0.014434643143544507,0.3235294117647059,2.4852854295903265e-64,True
s__Belnapia_moabensis,0.0,0.005027117647058823,25.583228144991068,3.4527031974953215e-64,0.0,0.2235294117647059,1.3793655924461033e-63,True
s__Belnapia_sp_F_4_1,0.0,0.004879823529411765,25.540325669874452,3.452716545463308e-64,0.0,0.2235294117647059,1.3793655924461033e-63,True
s__Skermania_piniformis,0.0,0.027177588235294117,28.0178422000799,3.452729893482111e-64,0.0,0.2235294117647059,1.3793655924461033e-63,True
s__GGB42949_SGB60172,0.0,0.03683317647058824,28.45643058275558,3.452729893482111e-64,0.0,0.2235294117647059,1.3793655924461033e-63,True
s__Alkalibacterium_sp_MB6,0.0,0.005605176470588235,25.740256484789015,3.452729893482111e-64,0.0,0.2235294117647059,1.3793655924461033e-63,True
s__Crinalium_epipsammum,0.0,0.014199470588235294,27.081261910681615,3.452729893482111e-64,0.0,0.2235294117647059,1.3793655924461033e-63,True
s__Luteococcus_japonicus,0.0,0.008855117647058822,26.40000815492316,3.452729893482111e-64,0.0,0.2235294117647059,1.3793655924461033e-63,True
s__GGB64512_SGB129861,1.36327185244587e-06,0.04010282352941177,14.844237096350875,5.5500250518181256e-64,0.0008019246190858059,0.22941176470588234,2.206203988260041e-63,True
s__GGB53662_SGB122475,6.680032076984764e-06,0.025192764705882355,11.880845212972215,5.6159085763990194e-64,0.0008019246190858059,0.22941176470588234,2.2213420557142657e-63,True
s__Nocardioides_sp_HDW12B,3.1812349639133916e-05,0.007248941176470589,7.832035024237281,5.721503550729989e-64,0.0048115477145148355,0.25882352941176473,2.2519612497700793e-63,True
s__GGB48225_SGB66232,3.6158781074578986e-05,0.030763470588235295,9.732652525125554,6.782547677926608e-64,0.0008019246190858059,0.22941176470588234,2.6564978405212546e-63,True
s__Knoellia_flava,2.8372093023255815e-05,0.0071451764705882355,7.97634818545063,1.0590878078671639e-63,0.0024057738572574178,0.2411764705882353,4.127859309687141e-63,True
s__Modestobacter_italicus,1.67682437850842e-05,0.004264058823529412,7.990343363636582,1.0717911457070143e-63,0.0016038492381716118,0.23529411764705882,4.1570928418441963e-63,True
s__Aliterella_atlantica,0.021221395348837206,0.011722235294117648,-0.8562718127422767,2.450361686054689e-63,0.0056134723336006415,0.2647058823529412,9.458159358249742e-63,True
s__Paracoccus_aerius,0.024425284683239776,0.01954764705882353,-0.32138041436239445,4.40854732386414e-63,0.012830793905372895,0.3058823529411765,1.6934756306574267e-62,True
s__Marmoricola_sp_Leaf446,9.655172413793105e-05,0.011875117647058822,6.942422587101244,6.164289906318252e-63,0.007217321571772253,0.27058823529411763,2.356587385238413e-62,True
s__Nocardioides_sp_S5,0.0,0.005912352941176471,25.817229083145453,1.6683881097196457e-62,0.0,0.21764705882352942,6.287934432386778e-62,True
s__Pseudomonas_saliphila,0.0,0.03825282352941177,28.51099100326493,1.6683881097196457e-62,0.0,0.21764705882352942,6.287934432386778e-62,True
s__Trichocoleus_sp_FACHB_262,0.0,0.016673294117647057,27.312963931326085,1.6683881097196457e-62,0.0,0.21764705882352942,6.287934432386778e-62,True
s__Roseomonas_haemaphysalidis,1.012028869286287e-05,0.015206705882352943,10.553227260009413,3.3682179924615456e-62,0.00400962309542903,0.24705882352941178,1.2634770779233686e-61,True
s__Roseicella_sp_GB24,4.226142742582197e-05,0.005978117647058824,7.1442025924568675,3.987630485648497e-62,0.0008019246190858059,0.2235294117647059,1.4888396065575463e-61,True
s__GGB26057_SGB38063,0.0013645469125902166,0.018710529411764706,3.7773563821208067,4.00808341895521e-62,0.0056134723336006415,0.25882352941176473,1.4895156519745176e-61,True
s__Thermoactinomyces_vulgaris,1.3961507618283883e-05,0.06767941176470586,12.243036244968668,4.223307450907889e-62,0.0024057738572574178,0.23529411764705882,1.5622327098497238e-61,True
s__Aquincola_tertiaricarbonis,4.0858059342421806e-05,0.007884235294117647,7.5922028281270775,4.9599103765930584e-62,0.00400962309542903,0.24705882352941178,1.826252714699472e-61,True
s__Devosia_sp_Leaf420,6.809943865276663e-05,0.007839352941176471,6.846945763049181,6.777607942466158e-62,0.0032076984763432237,0.2411764705882353,2.4840865807479174e-61,True
s__Glutamicibacter_arilaitensis,0.001673440256615878,0.01688541176470588,3.3348883319240787,7.7200878362701715e-62,0.0048115477145148355,0.2529411764705882,2.8165982562465145e-61,True
s__Aerococcus_sp_1KP_2016,0.004493953488372094,0.011464823529411765,1.3511570310338625,1.3754734256606834e-61,0.0048115477145148355,0.2529411764705882,4.995469395922209e-61,True
s__Bacteroides_sp_An322,0.0210836808340016,0.026681294117647053,0.33970188379929794,1.9615329304817118e-61,0.012830793905372895,0.3058823529411765,7.091695979433881e-61,True
s__Cellvibrio_sp_BR,0.0,0.008152764705882352,26.280786060403475,8.020859533552264e-61,0.0,0.21176470588235294,2.861011949691187e-60,True
s__GGB56462_SGB77875,0.0,0.018164,27.43650670891639,8.020859533552264e-61,0.0,0.21176470588235294,2.861011949691187e-60,True
s__GGB92466_SGB133157,0.0,0.07177170588235295,29.418839972452265,8.020859533552264e-61,0.0,0.21176470588235294,2.861011949691187e-60,True
s__Kocuria_SGB98773,0.3603975541299118,0.0925164705882353,-1.9618070842983117,8.368200557197728e-61,0.04731355252606255,0.4647058823529412,2.9716409978671044e-60,True
s__Methylobacterium_iners,4.145950280673617e-06,0.018828764705882354,12.14891312708538,1.7342212128057206e-60,0.0032076984763432237,0.23529411764705882,6.126288191611671e-60,True
s__Nocardioides_malaquae,1.9246190858059343e-06,0.005559000000000001,11.49596179395213,1.740509911759511e-60,0.0016038492381716118,0.2235294117647059,6.126288191611671e-60,True
s__Sphingomonas_sp_JXJ_CY_53,2.611066559743384e-05,0.008493705882352941,8.345605599338926,1.8403667382379536e-60,0.00400962309542903,0.2411764705882353,6.449355367772478e-60,True
s__Methylobacterium_fujisawaense,0.0001720449077786688,0.034718411764705887,7.656771115338069,2.0050311752424888e-60,0.00400962309542903,0.2411764705882353,6.965303952255428e-60,True
s__Sphingomonas_sp_BK069,7.801122694466721e-05,0.05746700000000001,9.52483441108664,2.0050311752424888e-60,0.00400962309542903,0.2411764705882353,6.965303952255428e-60,True
s__Microbacterium_sp_EYE_77,1.5252606255012029e-05,0.005138588235294118,8.396163029088898,2.2396745251978554e-60,0.0016038492381716118,0.2235294117647059,7.746753011398642e-60,True
s__Methylorubrum_suomiense,3.878107457898958e-05,0.011947941176470587,8.26718983715202,2.4266503023075523e-60,0.0016038492381716118,0.2235294117647059,8.35729996355058e-60,True
s__Ligilactobacillus_salivarius,0.016054001603849236,0.06342417647058825,1.9820999282189995,2.4847473823961877e-60,0.01603849238171612,0.31176470588235294,8.520657332766326e-60,True
s__Deinococcus_sp_HSC_46F16,4.838813151563753e-05,0.007368764705882353,7.25062278382263,3.1995462207003464e-60,0.0032076984763432237,0.23529411764705882,1.0924946283502464e-59,True
s__GGB53662_SGB74796,0.0,0.050573352941176465,28.913802192211357,3.836596847099302e-59,0.0,0.20588235294117646,1.2772670336801426e-58,True
s__GGB56403_SGB113848,0.0,0.010030176470588233,26.579771762383967,3.836596847099302e-59,0.0,0.20588235294117646,1.2772670336801426e-58,True
s__Jeotgalibaca_dankookensis,0.0,0.006123941176470588,25.867957112863923,3.836596847099302e-59,0.0,0.20588235294117646,1.2772670336801426e-58,True
s__Pleurocapsa_sp_CCALA_161,0.0,0.01719541176470588,27.35744843082592,3.836596847099302e-59,0.0,0.20588235294117646,1.2772670336801426e-58,True
s__GGB13038_SGB77728,0.0,0.024822058823529412,27.887047547233113,3.836596847099302e-59,0.0,0.20588235294117646,1.2772670336801426e-58,True
s__Arthrobacter_sp_SF27,0.0,0.009425588235294118,26.490079336908,3.836596847099302e-59,0.0,0.20588235294117646,1.2772670336801426e-58,True
s__Candidatus_Microthrix_parvicella,0.00882337610264635,0.31190811764705884,5.143646492174533,4.088000142229014e-59,0.03368083400160385,0.3764705882352941,1.3553162297265487e-58,True
s__Aureimonas_sp_AU22,1.685645549318364e-05,0.006535647058823529,8.598876525503588,5.702406198767615e-59,0.0048115477145148355,0.2411764705882353,1.8827365920724484e-58,True
s__Lysobacter_spongiicola,1.2028869286287087e-07,0.009415529411764706,16.255054713367645,6.314686177681834e-59,0.0008019246190858059,0.21176470588235294,2.0763103934023807e-58,True
s__Nocardioides_furvisabuli,2.0930232558139532e-06,0.0034377647058823524,10.681597862364614,6.464853299970786e-59,0.0008019246190858059,0.21176470588235294,2.1169745027363353e-58,True
s__Croceibacterium_ferulae,4.891740176423417e-06,0.004590411764705883,9.874030617101365,7.019007423636518e-59,0.0008019246190858059,0.21176470588235294,2.2890558904022768e-58,True
s__GGB75167_SGB103639,1.3159582999198077e-05,0.030817470588235293,11.193408006964786,8.903277371686383e-59,0.0016038492381716118,0.21764705882352942,2.891755536576187e-58,True
s__Luteimonas_terrae,0.00016716920609462712,0.011515470588235294,6.106119592502723,1.2403325706050232e-58,0.0016038492381716118,0.21764705882352942,4.01224989438629e-58,True
s__Devosia_naphthalenivorans,0.00010838011226944667,0.00558735294117647,5.68799169800113,1.669075405793894e-58,0.0016038492381716118,0.21764705882352942,5.37738406947307e-58,True
s__GGB46555_SGB64420,0.03671878909382518,0.07348694117647059,1.0009694174634334,2.090268100209247e-58,0.02566158781074579,0.35294117647058826,6.707326152880274e-58,True
s__Thermobifida_fusca,0.1092179871692061,0.044606470588235296,-1.291885565208353,3.579336708306585e-58,0.0032076984763432237,0.22941176470588234,1.1439560119747846e-57,True
s__Kocuria_indica,0.5896308500400962,0.3410938823529412,-0.7896431294843228,5.269793637170887e-58,0.08259823576583801,0.5470588235294118,1.6775159825097762e-57,True
s__bacterium,0.07959153167602244,0.09968111764705882,0.3247053038288785,9.646245086958934e-58,0.0408981555733761,0.40588235294117647,3.058472152571503e-57,True
s__GGB93790_SGB129545,0.0,0.02154247058823529,27.68260847997707,1.8259365733496103e-57,0.0,0.2,5.743792606717869e-57,True
s__Noviherbaspirillum_sp_L7_7A,0.0,0.003022235294117647,24.849112696885186,1.8259365733496103e-57,0.0,0.2,5.743792606717869e-57,True
s__Microbacterium_sp_UFMG61,1.996792301523657e-06,0.007736352941176469,11.91968139105912,3.2108950160208465e-57,0.0008019246190858059,0.20588235294117646,1.0060804383531986e-56,True
s__Chryseobacterium_sp,1.0593424218123496e-05,0.004436941176470589,8.710239028659526,4.738634230839247e-57,0.0016038492381716118,0.21176470588235294,1.4732174126227852e-56,True
s__Methylobacterium_tardum,1.874899759422614e-05,0.01960823529411765,10.030422833968803,4.738634230839247e-57,0.0016038492381716118,0.21176470588235294,1.4732174126227852e-56,True
s__Salinicoccus_sp_YB14_2,0.0030789815557337613,0.03803617647058824,3.626847055444267,6.321671388638391e-57,0.0024057738572574178,0.21764705882352942,1.9577579222953777e-56,True
s__Kaistella_pullorum,0.00010464314354450681,0.006445764705882353,5.944800478225414,6.984441182662573e-57,0.0032076984763432237,0.2235294117647059,2.1546596544198437e-56,True
s__Blastococcus_sp_TF02_9,0.0033726944667201286,0.004984117647058823,0.5634364787191046,8.536752553782803e-57,0.00400962309542903,0.22941176470588234,2.6234097271047925e-56,True
s__Streptococcus_lutetiensis,0.0002182036888532478,0.02578941176470588,6.884958909593879,7.56776915741458e-56,0.0056134723336006415,0.23529411764705882,2.3167232018292143e-55,True
s__GGB53661_SGB122487,0.0,0.04858082352941176,28.855811708438573,8.646755008935696e-56,0.0,0.19411764705882353,2.6269038981519475e-55,True
s__Ligilactobacillus_agilis,0.0,0.018925176470588233,27.495731519617628,8.646755008935696e-56,0.0,0.19411764705882353,2.6269038981519475e-55,True
s__Aureimonas_psammosilenae,3.3279871692060946e-06,0.0368525294117647,13.434782806041278,1.5678016760835096e-55,0.0008019246190858059,0.2,4.744975527237591e-55,True
s__Quadrisphaera_setariae,7.51643945469126e-05,0.011176647058823529,7.2162204120418,2.629118945177376e-55,0.0032076984763432237,0.21764705882352942,7.927041649798956e-55,True
s__Microlunatus_capsulatus,0.0010397754611066558,0.005616588235294118,2.4334219136497497,2.6580273701478767e-55,0.010425020048115477,0.2647058823529412,7.98407469454193e-55,True
s__Nocardioides_cavernae,6.0617481956696075e-05,0.005063882352941176,6.3843638019148745,2.9116829261956763e-54,0.006415396952686447,0.23529411764705882,8.713238419589309e-54,True
s__Pontibacter_russatus,0.0,0.002772352941176471,24.724607651240476,4.074379894963119e-54,0.0,0.18823529411764706,1.2012701190182907e-53,True
s__Spirilliplanes_yamanashiensis,0.0,0.004594647058823529,25.453450739706106,4.074395522577682e-54,0.0,0.18823529411764706,1.2012701190182907e-53,True
s__Flavobacterium_flevense,0.0,0.012274470588235295,26.87108557166959,4.074395522577682e-54,0.0,0.18823529411764706,1.2012701190182907e-53,True
s__Planococcus_koreensis,0.0,0.008966176470588236,26.41798957482072,4.074395522577682e-54,0.0,0.18823529411764706,1.2012701190182907e-53,True
s__Chryseobacterium_sp_cx_311,0.00019473135525260624,0.0049050000000000005,4.654695317253582,1.0080165560646856e-53,0.0008019246190858059,0.19411764705882353,2.961048633440014e-53,True
s__Microbacterium_saccharophilum,7.974338412189254e-05,0.004331058823529412,5.763209349610368,1.1913003500656908e-53,0.0048115477145148355,0.2235294117647059,3.486626299276509e-53,True
s__Turicibacter_bilis,0.0002039935846030473,0.03701070588235294,7.503274356405284,1.216717234645028e-53,0.0016038492381716118,0.2,3.548018505406486e-53,True
s__Cellulomonas_marina,0.00016554129911788292,0.07737258823529412,8.868486670819197,1.336851426528595e-53,0.00400962309542903,0.21764705882352942,3.8841610538049e-53,True
s__Stutzerimonas_kunmingensis,0.15480398556535685,0.8276065294117646,2.4185024112265086,1.8288817487410897e-53,0.0272654370489174,0.3411764705882353,5.294480134942503e-53,True
s__Agrococcus_jenensis,0.001604971932638332,0.012863176470588237,3.0026268981616724,3.6807318110461244e-53,0.00801924619085806,0.2411764705882353,1.061698453799947e-52,True
s__Oxalobacteraceae_sp_CFBP_13708,0.0006840817963111466,0.010352588235294117,3.919678651847261,1.1616990685316845e-52,0.006415396952686447,0.22941176470588234,3.3388401286216397e-52,True
s__Flavihumibacter_sp_ZG627,0.0,0.0016119411764705881,23.942295851199106,1.910431482407147e-52,0.0,0.18235294117647058,5.412889200153584e-52,True
s__Microcoleus_sp_FACHB_831,0.0,0.01147270588235294,26.773630468403137,1.910431482407147e-52,0.0,0.18235294117647058,5.412889200153584e-52,True
s__Brachybacterium_faecium,0.0,0.015295941176470587,27.18857364880718,1.910431482407147e-52,0.0,0.18235294117647058,5.412889200153584e-52,True
s__Paenisporosarcina_SGB106731,0.0,0.007608588235294118,26.181125471345084,1.910431482407147e-52,0.0,0.18235294117647058,5.412889200153584e-52,True
s__Arthrobacter_sp_HMWF013,1.483560545308741e-06,0.003334294117647059,11.13400465006754,3.351058025102812e-52,0.0008019246190858059,0.18823529411764706,9.461114353558823e-52,True
s__Hymenobacter_mucosus,1.181234963913392e-05,0.004524470588235295,8.581297034280954,6.244349801312198e-52,0.0024057738572574178,0.2,1.7567730602987487e-51,True
s__Geodermatophilus_SGB130173,0.00021718524458700882,0.025655999999999998,6.884225699237151,7.280571065539777e-52,0.0032076984763432237,0.20588235294117646,2.0411144846899233e-51,True
s__Chroococcidiopsis_cubana,2.3632494707297513,0.44139111764705885,-2.4206424288195327,3.100546158620306e-51,0.09382518043303929,0.5823529411764706,8.662015317264422e-51,True
s__Yaniella_halotolerans,0.0,0.012614294117647059,26.910484247443595,8.914046199797888e-51,0.0,0.17647058823529413,2.46447159641471e-50,True
s__Kaistella_soli,0.0,0.04012194117647059,28.57981617068662,8.914046199797888e-51,0.0,0.17647058823529413,2.46447159641471e-50,True
s__Roseomonas_oryzae,0.0,0.0030388823529411764,24.857037535241982,8.914046199797888e-51,0.0,0.17647058823529413,2.46447159641471e-50,True
s__Rhodococcus_pyridinivorans,3.2910986367281474e-05,1.3815877647058823,15.357394036721011,1.6877235356014986e-50,0.0008019246190858059,0.18235294117647058,4.649969327398611e-50,True
s__Herbaspirillum_sp_SJZ107,0.0022799278267842823,0.027801235294117647,3.6080888692629944,1.71000906864329e-50,0.0056134723336006415,0.21764705882352942,4.695179538989652e-50,True
s__Mycolicibacterium_gilvum,7.289494787489976e-06,0.004444117647058823,9.251842705609173,1.9698385860453067e-50,0.0032076984763432237,0.2,5.390072021404795e-50,True
s__Glutamicibacter_nicotianae,9.943865276663994e-06,0.00837505882352941,9.71806236672289,2.2472724874352333e-50,0.0016038492381716118,0.18823529411764706,6.128227704644203e-50,True
s__Roseomonas_nepalensis,3.453889334402566e-05,0.00279535294117647,6.338660655163626,2.726021282101269e-50,0.00400962309542903,0.20588235294117646,7.408472804077938e-50,True
s__Sanguibacter_keddieii,0.012777634322373697,0.014328941176470584,0.16531124826701768,3.407541563700355e-50,0.015236567762630313,0.27058823529411763,9.229239692869774e-50,True
s__Hyphomicrobiales_bacterium,0.21396191659983962,0.1563895294117647,-0.4522101071968666,1.1191401021522861e-49,0.07778668805132317,0.48823529411764705,3.0209221000664747e-49,True
s__Psychrobacter_immobilis,0.01658402566158781,0.24946047058823528,3.910945057587846,1.3176825445938973e-49,0.0545308740978348,0.4,3.544876609867084e-49,True
s__Skermanella_mucosa,0.0,0.002189,24.383768684636973,4.1391548863500806e-49,0.0,0.17058823529411765,1.098732476476317e-48,True
s__GGB81699_SGB112893,0.0,0.011593117647058823,26.788693362832966,4.1391548863500806e-49,0.0,0.17058823529411765,1.098732476476317e-48,True
s__Intrasporangium_chromatireducens,0.0,0.0922634705882353,29.781184322589905,4.1391548863500806e-49,0.0,0.17058823529411765,1.098732476476317e-48,True
s__GGB70881_SGB95335,0.0,0.013970529411764708,27.057811461987985,4.1391548863500806e-49,0.0,0.17058823529411765,1.098732476476317e-48,True
s__Glutamicibacter_ardleyensis,0.0074510184442662395,0.030682941176470586,2.0419272280234746,9.44381494068035e-49,0.0056134723336006415,0.21176470588235294,2.498545740928344e-48,True
s__Devosia_aurantiaca,1.4995990376904572e-06,0.0037912941176470585,11.303801696555539,9.526106744170517e-49,0.0016038492381716118,0.18235294117647058,2.5119997652119614e-48,True
s__Nitrosospira_sp_Nsp14,7.06495589414595e-06,0.016925823529411764,11.226237443930842,1.0840975870472492e-48,0.0024057738572574178,0.18823529411764706,2.8493222764827375e-48,True
s__Pantoea_endophytica,0.02816738572574178,1.131557823529412,5.328140823796452,1.431430953000074e-48,0.0056134723336006415,0.21176470588235294,3.7498797752362596e-48,True
s__Nocardiopsis_alba,0.0002131916599839615,0.0059672941176470585,4.8068533276968175,1.9996736545064604e-48,0.0024057738572574178,0.18823529411764706,5.22137009787798e-48,True
s__Corynebacterium_xerosis,0.741637690457097,0.1336120588235294,-2.472664343004024,3.0415680251001894e-48,0.056134723336006415,0.4411764705882353,7.91600277542362e-48,True
s__Adhaeribacter_rhizoryzae,0.0,0.0023338235294117645,24.476192202725816,1.9127652000688758e-47,0.0,0.16470588235294117,4.867195525016025e-47,True
s__Dyadobacter_sediminis,0.0,0.004951705882352941,25.56142231834483,1.9127652000688758e-47,0.0,0.16470588235294117,4.867195525016025e-47,True
s__GGB87586_SGB122575,0.0,0.016981529411764704,27.339391166144196,1.9127652000688758e-47,0.0,0.16470588235294117,4.867195525016025e-47,True
s__Streptomyces_harbinensis,0.0,0.008563882352941178,26.351761657772105,1.9127652000688758e-47,0.0,0.16470588235294117,4.867195525016025e-47,True
s__Klenkia_marina,0.0,0.005062117647058824,25.593237729764077,1.9127652000688758e-47,0.0,0.16470588235294117,4.867195525016025e-47,True
s__Rubellimicrobium_mesophilum,0.0,0.0026714117647058822,24.671099084722687,1.9127652000688758e-47,0.0,0.16470588235294117,4.867195525016025e-47,True
s__Massilia_sp_PAMC28688,0.0,0.004041470588235295,25.268377048407526,1.9127652000688758e-47,0.0,0.16470588235294117,4.867195525016025e-47,True
s__GGB46503_SGB91068,9.302325581395349e-07,0.01842935294117647,14.2738993843139,3.300488477657415e-47,0.0008019246190858059,0.17058823529411765,8.37171521793103e-47,True
s__Kocuria_flava,0.0005401764234161989,0.009835941176470589,4.186560276208324,4.439341276060928e-47,0.0048115477145148355,0.2,1.1201267517145137e-46,True
s__GGB44695_SGB62151,7.2894947874899765e-06,0.008223235294117646,10.13965179144306,4.444057325325417e-47,0.0016038492381716118,0.17647058823529413,1.1201267517145137e-46,True
s__Pseudonocardia_alni,0.0045869767441860465,0.013643823529411764,1.5726324812066732,4.575670594607415e-47,0.0048115477145148355,0.2,1.1496732091482154e-46,True
s__Acinetobacter_nosocomialis,0.00019399358460304734,0.19742029411764705,9.991044900087017,4.683940694771559e-47,0.0032076984763432237,0.18823529411764706,1.173187653643409e-46,True
s__Salinicoccus_roseus,1.0008019246190858e-05,0.010811823529411764,10.0772232831632,4.754084495114307e-47,0.0016038492381716118,0.17647058823529413,1.1870354723738535e-46,True
s__Aureimonas_frigidaquae,2.474739374498797e-05,0.0035280000000000003,7.155424365148831,6.15527943699663e-47,0.0016038492381716118,0.17647058823529413,1.5321084953770428e-46,True
s__GGB67138_SGB90854,0.00034827586206896547,0.048207,7.112867942173385,1.1352012882982344e-46,0.010425020048115477,0.22941176470588234,2.8168504017089726e-46,True
s__Saccharopolyspora_gregorii,0.05910688051323175,0.007615411764705882,-2.956332114566762,1.4533083365043676e-46,0.0032076984763432237,0.18823529411764706,3.59502588503712e-46,True
s__Planococcus_sp_107_1,0.04596785886126704,0.012752764705882352,-1.8498154134970712,4.456036352610648e-46,0.018444266238973536,0.27058823529411763,1.0988805696715765e-45,True
s__GGB56525_SGB77939,0.0,0.0051884117647058815,25.628789671862823,8.79720596461523e-46,0.0,0.1588235294117647,2.1429860839710918e-45,True
s__Flavobacteriaceae_bacterium_3519_10,0.0,0.0015842352941176471,23.917283378855704,8.797239493648537e-46,0.0,0.1588235294117647,2.1429860839710918e-45,True
s__GGB50352_SGB113026,0.0,0.005337823529411765,25.66974830143052,8.797239493648537e-46,0.0,0.1588235294117647,2.1429860839710918e-45,True
s__Mycolicibacterium_monacense,0.0,0.003422,25.028336466198272,8.797239493648537e-46,0.0,0.1588235294117647,2.1429860839710918e-45,True
s__Nitrososphaerales_archaeon_TH5888,2.662389735364876e-06,0.027028352941176472,13.309410020857934,1.5263685841788303e-45,0.0008019246190858059,0.16470588235294117,3.695662117451168e-45,True
s__Sphingobacterium_chungjuense,5.292702485966319e-07,0.012027058823529412,14.471647250412918,1.5263685841788303e-45,0.0008019246190858059,0.16470588235294117,3.695662117451168e-45,True
s__Sphingobacterium_mizutaii,0.0021020609462710504,0.07059447058823529,5.06967871629076,1.809505144415815e-45,0.0048115477145148355,0.19411764705882353,4.3679595480007137e-45,True
s__Deinococcus_gobiensis,0.00012633520449077787,0.019648882352941176,7.281045592448753,2.83612838135601e-45,0.0024057738572574178,0.17647058823529413,6.82550173705859e-45,True
s__Corynebacterium_pollutisoli,0.00020846030473135527,0.007716411764705881,5.210084862282577,2.867534440368589e-45,0.0016038492381716118,0.17058823529411765,6.880360413977486e-45,True
s__Corynebacterium_casei,0.002935092221331195,0.006641882352941177,1.1781863074223349,3.032505749913049e-45,0.0016038492381716118,0.17058823529411765,7.254407467606366e-45,True
s__Clostridiales_bacterium_CHKCI001,0.0008514274258219726,0.00393935294117647,2.2100030788306406,5.82232363306713e-45,0.00400962309542903,0.18823529411764706,1.3886676366628767e-44,True
s__Saccharomonospora_viridis,0.11479502806736168,0.008556235294117647,-3.745940175638821,2.7449116443626737e-44,0.011226944667201283,0.22941176470588234,6.527334535255287e-44,True
s__Nitrososphaerales_unclassified_SGB122562,0.0,0.034487176470588236,28.36148478078411,4.0270736017710935e-44,0.0,0.15294117647058825,9.353580836671813e-44,True
s__Dyadobacter_sandarakinus,0.0,0.005667294117647059,25.75615676613349,4.0270736017710935e-44,0.0,0.15294117647058825,9.353580836671813e-44,True
s__Arthrobacter_pascens,0.0,0.006071823529411765,25.855626549057718,4.0270736017710935e-44,0.0,0.15294117647058825,9.353580836671813e-44,True
s__Devosia_rhizoryzae,0.0,0.0029339411764705884,24.806336659628936,4.0270736017710935e-44,0.0,0.15294117647058825,9.353580836671813e-44,True
s__Jeotgalicoccus_coquinae,0.0,0.004975588235294118,25.568363790516464,4.0270736017710935e-44,0.0,0.15294117647058825,9.353580836671813e-44,True
s__Rubellimicrobium_roseum,0.0,0.001549411764705882,23.88521735655542,4.0270736017710935e-44,0.0,0.15294117647058825,9.353580836671813e-44,True
s__GGB63911_SGB86292,0.0,0.04315917647058823,28.68509209915974,4.0270736017710935e-44,0.0,0.15294117647058825,9.353580836671813e-44,True
s__Microvirga_soli,0.0,0.0034482352941176474,25.039354927714662,4.0270736017710935e-44,0.0,0.15294117647058825,9.353580836671813e-44,True
s__Ornithinimicrobium_sp_HY006,7.570168404170008e-06,0.00488529411764706,9.333885284089781,8.74919852541302e-44,0.0008019246190858059,0.1588235294117647,2.0262636584942036e-43,True
s__Blastococcus_sp_TML_M2B,1.1387329591018445e-06,0.002107529411764706,10.853780966041393,9.713651224158886e-44,0.0016038492381716118,0.16470588235294117,2.2431235052320663e-43,True
s__Paracoccus_subflavus,1.5613472333600642e-05,0.0033041176470588233,7.7253206310654745,1.1177084700214148e-43,0.0024057738572574178,0.17058823529411765,2.573628436735189e-43,True
s__Curtobacterium_sp_1310,7.555733761026465e-05,0.015423588235294114,7.6733489592302515,1.1215097104414174e-43,0.0032076984763432237,0.17647058823529413,2.57496051334107e-43,True
s__Saccharopolyspora_gloriosae,0.0,0.005428117647058824,25.69394868033591,1.8349199033169727e-42,0.0,0.14705882352941177,4.176925933761428e-42,True
s__GGB50119_SGB70176,0.0,0.007325411764705882,26.126406540260323,1.8349199033169727e-42,0.0,0.14705882352941177,4.176925933761428e-42,True
s__Streptomyces_zhaozhouensis,0.0,0.00876170588235294,26.384708466989455,1.8349199033169727e-42,0.0,0.14705882352941177,4.176925933761428e-42,True
s__Hyphomicrobium_album,7.97113071371291e-06,0.002950882352941177,8.532128251968967,2.513496589824991e-42,0.00400962309542903,0.17647058823529413,5.70535163429025e-42,True
s__Nesterenkonia_sandarakina,1.5156375300721733e-06,0.005633529411764706,11.859803412222417,3.215013666263987e-42,0.0008019246190858059,0.15294117647058825,7.277042264433217e-42,True
s__GGB93793_SGB129552,5.781876503608661e-06,0.01683835294117647,11.507900668790336,3.406102234544173e-42,0.0008019246190858059,0.15294117647058825,7.687784422036141e-42,True
s__Sphingomonas_sp_RIT328,2.6423416198877304e-05,0.012803470588235291,8.920496765076354,4.2546617883181624e-42,0.0032076984763432237,0.17058823529411765,9.575985264411865e-42,True
s__Novosphingobium_barchaimii,0.0010301684041700082,0.00446235294117647,2.114924319950783,4.339983909566597e-42,0.0008019246190858059,0.15294117647058825,9.740581864448625e-42,True
s__Microbacterium_aurantiacum,0.03709237369687249,0.007154000000000001,-2.374300555191122,5.4349221931576574e-42,0.009623095429029671,0.21176470588235294,1.216387347992428e-41,True
s__Kocuria_palustris,2.3463950681635932,0.19199617647058823,-3.6112964575188666,9.726290811275645e-42,0.09863672814755413,0.5352941176470588,2.1707559659802347e-41,True
s__Candidatus_Microthrix_SGB36776,0.00328102646351243,0.14473564705882352,5.463129204821655,3.2370050732053156e-41,0.03368083400160385,0.3,7.204365051507095e-41,True
s__GGB1354_SGB1818,0.04369062550120289,0.011446411764705882,-1.9324283397440558,3.5374875994289624e-41,0.00801924619085806,0.2,7.851257199843725e-41,True
s__Pantoea_dispersa,1.3013706495589417,0.10549352941176471,-3.624805503047648,4.756617459332597e-41,0.03688853247794707,0.32941176470588235,1.0527804293647494e-40,True
s__Paeniglutamicibacter_gangotriensis,0.0,0.032340941176470586,28.268786427865148,8.322576389728636e-41,0.0,0.1411764705882353,1.8020971640631924e-40,True
s__GGB27182_SGB74830,0.0,0.009466411764705881,26.496314356438074,8.322576389728636e-41,0.0,0.1411764705882353,1.8020971640631924e-40,True
s__Nitrososphaerales_unclassified_SGB122560,0.0,0.016728529411764705,27.31773539280011,8.322576389728636e-41,0.0,0.1411764705882353,1.8020971640631924e-40,True
s__Nocardioides_sp_WL0053,0.0,0.001190764705882353,23.505385151389433,8.322576389728636e-41,0.0,0.1411764705882353,1.8020971640631924e-40,True
s__Arthrobacter_sp_ZGTC412,0.0,0.00836864705882353,26.3184910856726,8.322576389728636e-41,0.0,0.1411764705882353,1.8020971640631924e-40,True
s__Nitrosomonas_nitrosa,0.0,0.006103117647058824,25.863043088714132,8.322576389728636e-41,0.0,0.1411764705882353,1.8020971640631924e-40,True
s__Nitrososphaerales_archaeon_TH1920,0.0,0.005076411764705882,25.597305788367628,8.322576389728636e-41,0.0,0.1411764705882353,1.8020971640631924e-40,True
s__Pseudomonas_citronellolis,0.0,1.593988176470588,33.891921877031216,8.322576389728636e-41,0.0,0.1411764705882353,1.8020971640631924e-40,True
s__Planococcus_glaciei,0.009574178027265436,0.013165,0.4594869796293058,1.0727909018591076e-40,0.009623095429029671,0.20588235294117646,2.3166484610416945e-40,True
s__Auraticoccus_monumenti,5.3728949478749e-07,0.0026049411764705885,12.242995110600353,1.464333104029417e-40,0.0008019246190858059,0.14705882352941177,3.1536446094865343e-40,True
s__Psychrobacter_maritimus,0.029074057738572575,0.6770001764705882,4.541351863861306,1.7111861134377846e-40,0.07618283881315156,0.4117647058823529,3.675370173754812e-40,True
s__Tessaracoccus_oleiagri,4.434643143544507e-06,0.0010522941176470588,7.890471870687511,1.7205852362944124e-40,0.0008019246190858059,0.14705882352941177,3.68565041233039e-40,True
s__Clostridium_perfringens,0.00010339214113873297,0.01991847058823529,7.589835147777264,2.110359024667349e-40,0.0032076984763432237,0.16470588235294117,4.508494279971154e-40,True
s__Exiguobacterium_chiriqhucha,0.0005823817161186848,0.008913882352941176,3.9360167206520353,2.983684797929288e-39,0.0056134723336006415,0.17647058823529413,6.357237742788004e-39,True
s__Pseudomonas_asiatica,0.03999795509222133,9.143539823529412,7.836682739887261,3.068807137932676e-39,0.034482758620689655,0.29411764705882354,6.521215168106937e-39,True
s__Microvirga_sp,0.0,0.002278941176470588,24.441860414073112,3.757871363011062e-39,0.0,0.13529411764705881,7.839557722007007e-39,True
s__Achromobacter_aegrifaciens,0.0,0.06653423529411766,29.30952163390718,3.757871363011062e-39,0.0,0.13529411764705881,7.839557722007007e-39,True
s__GGB50354_SGB112869,0.0,0.009053705882352941,26.43200512026837,3.757885616431394e-39,0.0,0.13529411764705881,7.839557722007007e-39,True
s__Microvirga_aerilata,0.0,0.012610647058823529,26.910067073533323,3.757885616431394e-39,0.0,0.13529411764705881,7.839557722007007e-39,True
s__Arthrobacter_sp_RIT_PI_e,0.0,0.004020352941176471,25.260818859245298,3.757885616431394e-39,0.0,0.13529411764705881,7.839557722007007e-39,True
s__GGB90944_SGB128003,0.0,0.018954411764705883,27.497958451005182,3.757885616431394e-39,0.0,0.13529411764705881,7.839557722007007e-39,True
s__GGB34287_SGB47535,0.0,0.014714588235294116,27.132671940185404,3.757885616431394e-39,0.0,0.13529411764705881,7.839557722007007e-39,True
s__Paracoccus_salipaludis,0.301484242181235,0.011971117647058825,-4.654452829977369,6.28843757455253e-39,0.03368083400160385,0.3058823529411765,1.308453547413404e-38,True
s__Sphingomonas_sp_Leaf10,2.2293504410585405e-06,0.00543264705882353,11.25075150410463,6.868817474598408e-39,0.0008019246190858059,0.1411764705882353,1.42550263953354e-38,True
s__GGB43987_SGB61359,3.568564554931836e-06,0.003814411764705882,10.061860614850021,7.028554397094957e-39,0.0008019246190858059,0.1411764705882353,1.4548743428183603e-38,True
s__Hymenobacter_telluris,5.693664795509223e-07,0.0020309411764705882,11.800249981850474,8.528336616233068e-39,0.0016038492381716118,0.14705882352941177,1.760759937046569e-38,True
s__Corynebacterium_callunae,4.899759422614274e-06,0.0033757058823529413,9.42823317937475,8.602390945247103e-39,0.0024057738572574178,0.15294117647058825,1.7714717436217614e-38,True
s__Psychrobacter_piechaudii,0.00023726543704891741,0.010555823529411765,5.475392777180005,8.642962898647362e-39,0.0008019246190858059,0.1411764705882353,1.7752512483339955e-38,True
s__Microcoleus_SGB80642,2.9077786688051324e-05,0.019719882352941174,9.405512815321416,8.913913663075193e-39,0.0016038492381716118,0.14705882352941177,1.8262094914864303e-38,True
s__Paracoccus_shandongensis,7.193263833199679e-06,0.0019468823529411768,8.080283489616988,9.214403318639214e-39,0.0016038492381716118,0.14705882352941177,1.8829432868523613e-38,True
s__Agilicoccus_flavus,9.71130713712911e-06,0.0026005882352941176,8.064941977563725,9.882361689270863e-39,0.0024057738572574178,0.15294117647058825,2.0142874973794438e-38,True
s__Micrococcus_endophyticus,0.8997188372093023,0.16652023529411764,-2.4337767257877734,1.0294380849711616e-38,0.0681635926222935,0.4235294117647059,2.092928829241624e-38,True
s__Carnobacterium_jeotgali,0.003503440256615878,0.03240329411764706,3.2092962485636023,1.0498956046958353e-38,0.0136327185244587,0.21764705882352942,2.129103015614143e-38,True
s__Corynebacterium_glutamicum,0.00016720930232558138,0.008103058823529413,5.598738752773451,1.1719846895270893e-38,0.0032076984763432237,0.1588235294117647,2.370672827676315e-38,True
s__Tetrasphaera_sp_F2B08,1.9599037690457095e-05,0.0011047058823529412,5.816728455978154,1.2832255762728636e-38,0.0016038492381716118,0.14705882352941177,2.589134432934389e-38,True
s__GGB35331_SGB62019,0.000357401764234162,0.044314647058823535,6.954092656510512,3.48563252714526e-38,0.03127506014434643,0.27647058823529413,7.015164708284793e-38,True
s__Mycolicibacterium_gadium,0.00042913392141138724,0.00509235294117647,3.568832254976805,3.498993810162391e-38,0.009623095429029671,0.19411764705882353,7.02436194552701e-38,True
s__Pseudomonas_nanhaiensis,0.0,0.0010776470588235293,23.36138155515795,1.6893130746731632e-37,0.0,0.12941176470588237,3.3576147926961626e-37,True
s__GGB41963_SGB116830,0.0,0.006086823529411765,25.859186227388953,1.6893130746731632e-37,0.0,0.12941176470588237,3.3576147926961626e-37,True
s__Achromobacter_pulmonis,0.0,0.18626376470588235,30.79469989799544,1.6893130746731632e-37,0.0,0.12941176470588237,3.3576147926961626e-37,True
s__Actinoalloteichus_hymeniacidonis,0.0,0.004343588235294117,25.37238404203783,1.6893130746731632e-37,0.0,0.12941176470588237,3.3576147926961626e-37,True
s__Agrobacterium_sp_AGB01,0.006884242181234965,0.006202235294117647,-0.15050959014446563,2.0333580474615166e-37,0.0056134723336006415,0.17058823529411765,4.031397220649508e-37,True
s__GGB24874_SGB36777,0.00011316760224538893,0.018635705882352943,7.363463388279624,2.3389142316415117e-37,0.00400962309542903,0.1588235294117647,4.625723938320712e-37,True
s__Rouxiella_badensis,1.2429831595829992e-06,0.011680470588235296,13.19788797845262,3.0266437180111553e-37,0.0008019246190858059,0.13529411764705881,5.971082298002254e-37,True
s__Microbacterium_radiodurans,2.309542902967121e-06,0.003026294117647059,10.355666726638692,3.1325813960587662e-37,0.0008019246190858059,0.13529411764705881,6.164858461701857e-37,True
s__Mycolicibacterium_bacteremicum,1.2429831595829992e-06,0.0014085882352941176,10.146111512597178,3.1687066035331757e-37,0.0008019246190858059,0.13529411764705881,6.220630408410338e-37,True
s__Prauserella_rugosa,1.4843624699278267e-05,0.0026272352941176472,7.467548508824016,3.513043158895637e-37,0.0008019246190858059,0.13529411764705881,6.8797095195039554e-37,True
s__GGB43920_SGB61282,5.398556535685646e-05,0.011843764705882354,7.7773356475894015,3.5994145653748648e-37,0.0032076984763432237,0.15294117647058825,7.031619163165078e-37,True
s__Limosilactobacillus_ingluviei,5.291098636728147e-05,0.007480117647058824,7.143347130637882,3.635893003160074e-37,0.0008019246190858059,0.13529411764705881,7.085557340304632e-37,True
s__GGB3451_SGB4605,0.00011931836407377707,0.006728470588235294,5.817389415506101,3.806358970284886e-37,0.0008019246190858059,0.13529411764705881,7.399710017658453e-37,True
s__GGB71855_SGB98856,0.1668031756214916,0.03237917647058823,-2.365008553849022,3.858840355425823e-37,0.023255813953488372,0.24705882352941178,7.483527776663185e-37,True
s__Deinococcus_wulumuqiensis,0.0035397995188452287,0.010592,1.5812354412994176,3.887198216704387e-37,0.00400962309542903,0.1588235294117647,7.5202696734789475e-37,True
s__Ligilactobacillus_animalis,4.682437850842021e-05,0.007135411764705882,7.251589968966402,4.3957422233139665e-37,0.0024057738572574178,0.14705882352941177,8.483570136299177e-37,True
s__Rothia_sp_P100,0.0973994627105052,0.08820288235294119,-0.1430880118556028,4.453621524112952e-36,0.07217321571772253,0.38235294117647056,8.574562886183732e-36,True
s__Mammaliicoccus_lentus,0.005852349639133921,0.021615176470588235,1.8849567281149713,5.639089298051414e-36,0.0056134723336006415,0.16470588235294117,1.0830846993132403e-35,True
s__Curtobacterium_sp_L6_1,0.0,0.008308705882352942,26.30812046994238,7.561322394222065e-36,0.0,0.12352941176470589,1.428249785575279e-35,True
s__Nocardiopsis_prasina,0.0,0.004857470588235294,25.533701954295925,7.561322394222065e-36,0.0,0.12352941176470589,1.428249785575279e-35,True
s__Cellulomonas_aerilata,0.0,0.0018464117647058824,24.13822106383256,7.561322394222065e-36,0.0,0.12352941176470589,1.428249785575279e-35,True
s__Serinicoccus_chungangensis,0.0,0.001594764705882353,23.9268403368495,7.561322394222065e-36,0.0,0.12352941176470589,1.428249785575279e-35,True
s__Nocardioides_allogilvus,0.0,0.0023424117647058824,24.48149143045509,7.561322394222065e-36,0.0,0.12352941176470589,1.428249785575279e-35,True
s__Arthrobacter_sp_Alg241_R88,0.0,0.011663235294117648,26.79739280832155,7.561322394222065e-36,0.0,0.12352941176470589,1.428249785575279e-35,True
s__GGB94471_SGB128739,0.0,0.012693647058823528,26.919531405265325,7.561322394222065e-36,0.0,0.12352941176470589,1.428249785575279e-35,True
s__Candidatus_Nitrospira_nitrosa,3.882919005613473e-05,0.007812999999999999,7.652587492774802,9.585376497954301e-36,0.00400962309542903,0.15294117647058825,1.8063009013833696e-35,True
s__Faecalibacterium_SGB63299,0.015454506816359263,0.011493882352941177,-0.42716142500659865,1.2591639123340455e-35,0.0056134723336006415,0.16470588235294117,2.3672281551880053e-35,True
s__Tsuneonella_aeria,2.967121090617482e-07,0.004902176470588235,14.011584877977945,1.342383179618992e-35,0.0008019246190858059,0.12941176470588237,2.5177562453417244e-35,True
s__Bacteroides_caecigallinarum,9.302325581395349e-06,0.006169176470588236,9.37325527953992,1.4542740099982447e-35,0.0008019246190858059,0.12941176470588237,2.7212293536032727e-35,True
s__Candidatus_Promineofilum_breve,8.532477947072975e-06,0.002244235294117647,8.039026601691292,2.0185682551140803e-35,0.0016038492381716118,0.13529411764705881,3.768308494944276e-35,True
s__Hymenobacter_psychrotolerans,1.8323977546110666e-05,0.0012404705882352943,6.081003261814777,2.1321709838899028e-35,0.0016038492381716118,0.13529411764705881,3.971106331300775e-35,True
s__Agrococcus_terreus,3.520449077786688e-05,0.0021839411764705886,5.955026681606077,2.155642576633296e-35,0.0016038492381716118,0.13529411764705881,4.005484694720938e-35,True
s__Plantibacter_flavus,0.006201804330392944,0.009245941176470587,0.5761321673688639,1.0468186209734763e-34,0.014434643143544507,0.20588235294117646,1.9406219910854003e-34,True
s__Jeotgalibaca_porci,0.0032746992782678435,0.026833588235294116,3.034605616100217,1.6530216223222138e-34,0.05533279871692061,0.32941176470588235,3.0573247135079833e-34,True
s__Massilia_aurea,0.09219725741780271,0.02078841176470588,-2.1489442897575985,1.7122744299580514e-34,0.023255813953488372,0.2411764705882353,3.1596010843798686e-34,True
s__Nakamurella_multipartita,0.0004775060144346431,0.005643,3.5628712631531845,2.009839036588161e-34,0.011226944667201283,0.18823529411764706,3.7001414521519374e-34,True
s__Carnobacterium_alterfunditum,0.0,0.02506776470588236,27.901258121555884,3.3701710030751187e-34,0.0,0.11764705882352941,6.161937371755195e-34,True
s__GGB49836_SGB76663,0.0,0.004845411764705883,25.53011596554114,3.3701710030751187e-34,0.0,0.11764705882352941,6.161937371755195e-34,True
s__GGB83013_SGB122249,0.0,0.005865941176470588,25.80585929265916,3.3701710030751187e-34,0.0,0.11764705882352941,6.161937371755195e-34,True
s__Glutamicibacter_halophytocola,0.0023051162790697676,0.007289823529411765,1.6610443200423808,4.010172979460694e-34,0.0048115477145148355,0.15294117647058825,7.315361211390627e-34,True
s__Neomicrococcus_aestuarii,5.292702485966319e-07,0.0019031764705882352,11.811844680484157,6.0611069969243435e-34,0.0008019246190858059,0.12352941176470589,1.1031490866839523e-33,True
s__Deinococcus_SGB99223,4.354450681635926e-06,0.003535882352941177,9.665330735173672,6.130643669405402e-34,0.0008019246190858059,0.12352941176470589,1.1132691572397537e-33,True
s__Nocardioides_sp_Root122,7.489975942261427e-06,0.0008591176470588236,6.841731718077048,6.3747205909431775e-34,0.0032076984763432237,0.1411764705882353,1.1549663837105666e-33,True
s__Neomicrococcus_lactis,0.00021052125100240576,0.003086235294117647,3.873809640246907,7.49572849419836e-34,0.0032076984763432237,0.1411764705882353,1.354997073951242e-33,True
s__Methylobacterium_gregans,7.497995188452285e-06,0.002420470588235294,8.334547767228797,8.707929445824961e-34,0.0016038492381716118,0.12941176470588237,1.570572376346308e-33,True
s__Cellulomonas_cellasea,2.3544506816359263e-05,0.0034392941176470586,7.19057209709455,9.096061834965626e-34,0.0016038492381716118,0.12941176470588237,1.6368813977787243e-33,True
s__Bosea_sp_Leaf344,2.8700882117080996e-05,0.0034242352941176468,6.898537965674713,9.412084318393664e-34,0.0024057738572574178,0.13529411764705881,1.6899450270554016e-33,True
s__Methylobacterium_hispanicum,0.0005178187650360865,0.005434529411764706,3.3916357097886265,1.1700611984075588e-32,0.0048115477145148355,0.14705882352941177,2.096141025846725e-32,True
s__Blastococcus_sp_CPCC_205250,0.0,0.0010331176470588237,23.300501355410677,1.4959760995852662e-32,0.0,0.11176470588235295,2.6385980211227985e-32,True
s__Tessaracoccus_massiliensis,0.0,0.001302,23.63422622352115,1.4959760995852662e-32,0.0,0.11176470588235295,2.6385980211227985e-32,True
s__Blastococcus_sp_DSM_44272,0.0,0.0041626470588235305,25.31099793977133,1.4959760995852662e-32,0.0,0.11176470588235295,2.6385980211227985e-32,True
s__GGB56372_SGB77783,0.0,0.0033271176470588237,24.987769588470155,1.4959760995852662e-32,0.0,0.11176470588235295,2.6385980211227985e-32,True
s__Microcoleus_sp_FACHB_68,0.0,0.00725670588235294,26.112811482218785,1.4959760995852662e-32,0.0,0.11176470588235295,2.6385980211227985e-32,True
s__Jeotgalicoccus_SGB94720,0.0,0.005181235294117647,25.626792793873967,1.4959760995852662e-32,0.0,0.11176470588235295,2.6385980211227985e-32,True
s__GGB64512_SGB87014,0.0,0.004637470588235294,25.46683482722342,1.4959760995852662e-32,0.0,0.11176470588235295,2.6385980211227985e-32,True
s__Lysobacter_tabacisoli,2.2453889334402564e-07,0.0014450588235294117,12.651232967102521,2.661617301369228e-32,0.0008019246190858059,0.11764705882352941,4.663682984460616e-32,True
s__Spirosoma_rigui,4.731355252606255e-07,0.002946764705882353,12.604285917596238,2.661626334060126e-32,0.0008019246190858059,0.11764705882352941,4.663682984460616e-32,True
s__Nitrososphaerales_unclassified_SGB122556,3.4081796311146753e-06,0.007001411764705882,11.004386455862711,2.661626334060126e-32,0.0008019246190858059,0.11764705882352941,4.663682984460616e-32,True
s__Blastococcus_xanthinilyticus,1.8364073777064954e-06,0.0015483529411764705,9.719554051920463,2.785506705944908e-32,0.0008019246190858059,0.11764705882352941,4.8488450066448394e-32,True
s__Massilia_sp_CFBP_13721,1.347233360064154e-06,0.0009911176470588235,9.522805803224927,2.785506705944908e-32,0.0008019246190858059,0.11764705882352941,4.8488450066448394e-32,True
s__Nitrososphaerales_archaeon_TH5893,4.875701684041701e-06,0.004634470588235294,9.892549412277377,2.785506705944908e-32,0.0008019246190858059,0.11764705882352941,4.8488450066448394e-32,True
s__Dyella_sp_333MFSha,5.364875701684042e-06,0.004932117647058824,9.844419890097624,3.2394380155299686e-32,0.0024057738572574178,0.12941176470588237,5.626762987844446e-32,True
s__Chryseobacterium_sp_CJ63,4.8492381716118684e-05,0.002959470588235294,5.931434268692444,3.939287580108094e-32,0.0016038492381716118,0.12352941176470589,6.827528799363053e-32,True
s__Exiguobacterium_aurantiacum,0.0004515156375300722,0.007555058823529413,4.064594828654934,4.999974195997781e-32,0.0016038492381716118,0.12352941176470589,8.647141520784041e-32,True
s__Blautia_hansenii,0.013004145950280675,0.009187823529411764,-0.5011765962758831,1.2328912520405926e-31,0.007217321571772253,0.1588235294117647,2.127602830195321e-31,True
s__Brevibacterium_sp_CS2,0.0024611627906976747,0.003372823529411765,0.45461673446678447,2.8275071040408133e-31,0.008821170809943865,0.16470588235294117,4.868918483035797e-31,True
s__Rubrobacter_marinus,0.07062319967923016,0.001998235294117647,-5.143343738698759,5.757474668699626e-31,0.0056134723336006415,0.14705882352941177,9.892951097400003e-31,True
s__Kaistella_daneshvariae,0.0,0.0013722941176470588,23.710086490353934,6.614174794401021e-31,0.0,0.10588235294117647,1.1172781523734494e-30,True
s__Pedobacter_namyangjuensis,0.0,0.0024236470588235295,24.530676346822897,6.614174794401021e-31,0.0,0.10588235294117647,1.1172781523734494e-30,True
s__Agrococcus_sp_KRD186,0.0,0.0009008235294117647,23.102813240423558,6.614174794401021e-31,0.0,0.10588235294117647,1.1172781523734494e-30,True
s__Paracoccus_sp_Z118,0.0,0.0019114705882352942,24.18817974130703,6.614174794401021e-31,0.0,0.10588235294117647,1.1172781523734494e-30,True
s__GGB56395_SGB77806,0.0,0.004963647058823529,25.5648972292552,6.614174794401021e-31,0.0,0.10588235294117647,1.1172781523734494e-30,True
s__Siccirubricoccus_sp_G192,0.0,0.0018839411764705878,24.167250660231744,6.614174794401021e-31,0.0,0.10588235294117647,1.1172781523734494e-30,True
s__Hymenobacter_crusticola,0.0,0.00664864705882353,25.98655748064357,6.614174794401021e-31,0.0,0.10588235294117647,1.1172781523734494e-30,True
s__Prevotella_brevis,0.0,0.006885411764705884,26.03703961884728,6.614174794401021e-31,0.0,0.10588235294117647,1.1172781523734494e-30,True
s__Mordavella_massiliensis,0.01796551724137931,0.008229411764705883,-1.126369246623279,8.24070671510664e-31,0.008821170809943865,0.16470588235294117,1.3890980306688198e-30,True
s__Methylobacterium_oryzae,0.0005586527666399359,0.005633176470588235,3.3339246823920963,9.617891328546967e-31,0.00400962309542903,0.13529411764705881,1.617830562422953e-30,True
s__Serpentinimonas_maccroryi,0.11395145148356053,0.007839764705882353,-3.8614651185077697,1.0070187716805121e-30,0.0048115477145148355,0.1411764705882353,1.6903529381780024e-30,True
s__Massilia_forsythiae,7.137129109863672e-06,0.032628411764705885,12.158477063124646,1.3204732375342702e-30,0.0024057738572574178,0.12352941176470589,2.2118618800626453e-30,True
s__Saccharopolyspora_sp_HNM0986,1.7478669206094628,0.02063429411764706,-6.404407441953956,2.6299459332493548e-30,0.04330392943063352,0.3,4.396081172941913e-30,True
s__Leuconostoc_mesenteroides,0.035391146752205296,0.005259235294117646,-2.7504635372720903,6.126119491924667e-30,0.009623095429029671,0.16470588235294117,1.0218725415548661e-29,True
s__Arthrobacter_pityocampae,0.0003423817161186848,0.0033172352941176473,3.2763034033201035,1.2033787493829014e-29,0.0056134723336006415,0.1411764705882353,2.0031242099102879e-29,True
s__Propioniciclava_sp_MC1595,0.2885482919005613,0.03712305882352941,-2.9584252934067354,1.4740749911067508e-29,0.09703287890938252,0.38823529411764707,2.4486193719216088e-29,True
s__Pantoea_vagans,0.047494931836407385,0.016557176470588235,-1.5203168985633522,2.146867920989363e-29,0.010425020048115477,0.16470588235294117,3.5588121760798776e-29,True
s__Vitreoscilla_filiformis,0.0004832638331996792,0.019855294117647058,5.360568600763134,4.0143443839723626e-29,0.00400962309542903,0.12941176470588237,6.640706341188235e-29,True
s__Xanthomonas_sontii,2.72654370489174e-06,0.01039764705882353,11.896843290081913,5.172948710427902e-29,0.0008019246190858059,0.10588235294117647,8.539640536429534e-29,True
s__Acinetobacter_proteolyticus,0.001965613472333601,0.005253235294117647,1.4182265076940397,6.480690966945794e-29,0.0024057738572574178,0.11764705882352941,1.067643728369008e-28,True
s__Kineosporiaceae_bacterium_SCSIO_59966,1.6030473135525263e-05,0.0006732941176470588,5.392339163095052,7.547629330782868e-29,0.0016038492381716118,0.11176470588235295,1.2408551101431094e-28,True
s__Nesterenkonia_sphaerica,0.0034517481956696074,0.032063294117647065,3.2155234862079256,7.629002133112228e-29,0.0016038492381716118,0.11176470588235295,1.2516576394982896e-28,True
s__Escherichia_coli,0.10383024057738571,1.0654005294117648,3.3590973064364236,8.398130959153099e-29,0.19486768243785085,0.6,1.3750218517137963e-28,True
s__GGB42674_SGB66070,0.017109157979149962,0.010919294117647062,-0.6478891594487257,8.789700018073977e-29,0.012830793905372895,0.17647058823529413,1.4361902483519647e-28,True
s__Pantoea_anthophila,0.02144344827586207,0.011940411764705882,-0.8446843271033715,1.5962407362575002e-28,0.0136327185244587,0.17647058823529413,2.6028496903464135e-28,True
s__GGB1153_SGB1481,0.026079751403368084,0.005155294117647059,-2.338803452089039,2.1823788395770957e-28,0.006415396952686447,0.1411764705882353,3.5513659731610984e-28,True
s__Comamonadaceae_bacterium_OTU4NAUVB1,0.006469719326383322,0.00983764705882353,0.604610163754183,2.3556204223051445e-28,0.011226944667201283,0.16470588235294117,3.8254892630524605e-28,True
s__Flavobacterium_hiemivividum,2.796311146752205e-05,0.008853176470588236,8.306521326907395,9.61157759712774e-28,0.00400962309542903,0.12352941176470589,1.5577384381551855e-27,True
s__Microcella_flavibacter,0.00012817161186848435,0.001902705882352941,3.8919028526014614,1.3004663228125966e-27,0.00400962309542903,0.12352941176470589,2.1033858136179447e-27,True
s__Sphingomonas_palmae,8.539695268644748e-05,0.005548294117647058,6.021714204514458,1.7727449110901248e-27,0.0032076984763432237,0.11764705882352941,2.8614609776990095e-27,True
s__Mediterraneibacter_catenae,0.5169110825982358,0.02030305882352941,-4.670147124415902,2.7756125145543178e-27,0.04971932638331997,0.3058823529411765,4.471198385340524e-27,True
s__Streptomyces_thermoviolaceus,1.879711307137129e-05,0.005862823529411765,8.284933067087314,2.842350765224446e-27,0.0016038492381716118,0.10588235294117647,4.569493483731051e-27,True
s__Pseudoalteromonas_nigrifaciens,4.230152365677626e-05,0.014719823529411764,8.442831630865854,2.9662297537773838e-27,0.0016038492381716118,0.10588235294117647,4.7590714322653206e-27,True
s__Alkalihalobacillus_gibsonii,1.7305533279871692e-05,0.002929529411764706,7.4032834371026635,3.030162178273205e-27,0.0016038492381716118,0.10588235294117647,4.85190296681421e-27,True
s__Exiguobacterium_alkaliphilum,0.040690745789895746,0.004773294117647059,-3.0916435567805967,3.123635500296379e-27,0.0032076984763432237,0.11764705882352941,4.9915695294736135e-27,True
s__Pedobacter_quisquiliarum,0.23906613472333602,0.02972882352941177,-3.0074754959733476,3.958793433620961e-27,0.0673616680032077,0.3411764705882353,6.313524857211871e-27,True
s__Nocardioides_euryhalodurans,5.5589414595028074e-05,0.0014279411764705884,4.682980055491919,1.0516705854924818e-26,0.0056134723336006415,0.12941176470588237,1.6738740992201055e-26,True
s__Brevundimonas_lutea,0.0005439695268644747,0.0011104117647058823,1.029496883858383,6.808914664074018e-26,0.00400962309542903,0.11764705882352941,1.081575112643169e-25,True
s__Brevundimonas_SGB38301,2.035284683239775e-05,0.0015750588235294118,6.27402429873217,7.097594593157643e-26,0.0032076984763432237,0.11176470588235295,1.125194063478761e-25,True
s__Nocardioides_glacieisoli,1.2285485164394547e-05,0.000994294117647059,6.338634336866852,7.669294574979312e-26,0.0032076984763432237,0.11176470588235295,1.2134190822591031e-25,True
s__Pseudonocardia_ammonioxydans,0.012431940657578185,0.0013449411764705882,-3.208436446378288,9.45981998653224e-26,0.007217321571772253,0.13529411764705881,1.4937541836441224e-25,True
s__Tessaracoccus_sp_MC1627,0.0013900882117080994,0.02249317647058823,4.016238973533773,1.1997619929839573e-25,0.08259823576583801,0.3352941176470588,1.8907491763198855e-25,True
s__Desemzia_incerta,0.1477896471531676,0.026613823529411766,-2.4732975079163553,1.2022264858531275e-25,0.09703287890938252,0.4117647058823529,1.8909034688910412e-25,True
s__Paracoccus_sediminis,0.013083151563753009,0.10196394117647058,2.96227701934169,3.6613264164987934e-25,0.0056134723336006415,0.12352941176470589,5.747347361065886e-25,True
s__Limosilactobacillus_vaginalis,0.0015076182838813152,0.0067427647058823535,2.16106898352488,4.39156327264598e-25,0.0056134723336006415,0.12352941176470589,6.880115793812035e-25,True
s__Kosakonia_cowanii,0.010065268644747391,0.01016064705882353,0.013606601118548244,4.468217599189387e-25,0.0056134723336006415,0.12352941176470589,6.986508535718826e-25,True
s__Microbacterium_foliorum,0.006102437850842021,0.005683764705882353,-0.10253886374694351,6.302938020977454e-25,0.010425020048115477,0.14705882352941177,9.83603023195505e-25,True
s__Rathayibacter_caricis,0.00013479550922213313,0.0032494705882352938,4.591359325618155,8.550615242743943e-25,0.0048115477145148355,0.11764705882352941,1.3317624910238618e-24,True
s__Paracoccus_tibetensis,0.3104624699278268,0.005011588235294117,-5.953007157028328,3.0019651188327684e-24,0.019246190858059342,0.18235294117647058,4.6664788520377085e-24,True
s__GGB43468_SGB60787,0.0005532638331996792,0.00856064705882353,3.951680080186469,5.34379776117631e-24,0.008821170809943865,0.13529411764705881,8.290668759572567e-24,True
s__Lactobacillus_crispatus,0.42460877305533284,0.06580023529411763,-2.6899695299511435,1.1639919822747765e-23,0.07217321571772253,0.3411764705882353,1.8023829337936948e-23,True
s__Microbacterium_sp_K41,0.0011891259021651961,0.014173882352941177,3.5752614904755986,1.4390852492573258e-22,0.006415396952686447,0.11764705882352941,2.2240408397613214e-22,True
s__Brevundimonas_vesicularis,0.3185671611868484,0.030740235294117645,-3.3733974401971243,2.445656811760017e-21,0.04731355252606255,0.2529411764705882,3.772354811961879e-21,True
s__Psychrobacter_faecalis,1.6192582518043304,1.816463294117647,0.16579911688473098,6.5645649777309496e-21,0.297514033680834,0.5882352941176471,1.0106141458973081e-20,True
s__GGB44392_SGB61810,0.00016772253408179632,0.005172411764705883,4.946687859403118,7.646811943001622e-21,0.015236567762630313,0.14705882352941177,1.1749620658573647e-20,True
s__GGB24392_SGB36231,3.0408981555733764e-05,0.00358064705882353,6.879574307207012,7.982236992237916e-21,0.00801924619085806,0.11764705882352941,1.2241472853739145e-20,True
s__Psychrobacter_alimentarius,0.10291272654370488,0.028577529411764706,-1.8484682953953566,8.180099012191907e-21,0.052125100240577385,0.25882352941176473,1.2520879522492975e-20,True
s__Psychrobacter_sanguinis,0.4370683560545309,0.02744347058823529,-3.9933240792618196,8.538626895021893e-21,0.07137129109863673,0.3058823529411765,1.3044670916104192e-20,True
s__Leuconostoc_citreum,0.006874161988773055,0.003449352941176471,-0.9948580738790306,1.7114154599734436e-20,0.00801924619085806,0.11764705882352941,2.6095819704556897e-20,True
s__Staphylococcus_gallinarum,0.21983799518845226,0.0038230588235294116,-5.845569506988687,1.845004844624512e-20,0.00801924619085806,0.11764705882352941,2.8079216587714e-20,True
s__Sphingomonas_corticis,0.000860898155573376,0.0008921764705882353,0.05148651787411228,1.367788960032825e-19,0.008821170809943865,0.11764705882352941,2.0776870324452989e-19,True
s__Bacillus_altitudinis,0.015194819566960706,0.02628258823529412,0.790527807721461,1.6902093724714968e-19,0.006415396952686447,0.10588235294117647,2.562575500198721e-19,True
s__Ornithinibacter_SGB87564,9.097834803528468e-05,0.004841117647058824,5.733671549558506,2.7149393035840773e-19,0.019246190858059342,0.15294117647058825,4.1084024688706017e-19,True
s__Fusobacterium_mortiferum,0.0040227826784282284,0.006577294117647058,0.7093003691618206,3.353546825298212e-19,0.00801924619085806,0.11176470588235295,5.065186981877639e-19,True
s__Nesterenkonia_massiliensis,0.03241486768243785,0.003221470588235294,-3.3308643152695883,3.6511719179344137e-19,0.010425020048115477,0.12352941176470589,5.504313891376598e-19,True
s__GGB45849_SGB63574,0.027509895749799517,0.006780352941176471,-2.0205183786911927,9.59468528989258e-19,0.016840417000801924,0.14705882352941177,1.4437200652776218e-18,True
s__Paracoccus_sp_PAMC_22219,0.00015343223736968725,0.006205705882352941,5.3379208634906625,1.8300038729013724e-18,0.015236567762630313,0.13529411764705881,2.7484456662560085e-18,True
s__Rhodococcus_qingshengii,0.0007476423416198875,0.3046271764705882,8.670480469482424,2.6709367529808676e-18,0.012028869286287089,0.12352941176470589,4.0038995602846404e-18,True
s__Achromobacter_mucicolens,0.04345406575781876,0.16381358823529413,1.9144919566559175,2.9522731012255946e-18,0.008821170809943865,0.11176470588235295,4.417352449212079e-18,True
s__GGB45971_SGB63703,0.033571002405773855,0.004491882352941176,-2.9018235400192247,3.562544803182756e-18,0.01764234161988773,0.14705882352941177,5.320510836902845e-18,True
s__Glutamicibacter_mishrai,0.09446218925421009,0.006282529411764706,-3.9103195250822256,5.651793897922028e-18,0.010425020048115477,0.11764705882352941,8.424968888880038e-18,True
s__Neisseria_subflava,0.00205616680032077,0.005900705882352942,1.5209302004668928,8.436851627113316e-18,0.018444266238973536,0.14705882352941177,1.2553155400490763e-17,True
s__Fundicoccus_ignavus,0.00012586206896551724,0.0038244705882352946,4.925343475618001,9.917495021305332e-17,0.01764234161988773,0.13529411764705881,1.4728770487031525e-16,True
s__Tolypothrix_sp_NIES_4075,0.003276271050521251,0.00526370588235294,0.6840241437883249,1.252621454037368e-16,0.010425020048115477,0.11176470588235295,1.8568544374320164e-16,True
s__Hyphomicrobium_denitrificans,0.006547522052927024,1.8297620588235295,8.126491302429617,2.3260817897386934e-16,0.023255813953488372,0.15294117647058825,3.441739537039289e-16,True
s__Brucella_pseudogrignonensis,0.056950657578187666,0.004375294117647059,-3.702260562902495,6.460791862750861e-16,0.012830793905372895,0.11764705882352941,9.541908869386206e-16,True
s__Pseudomonas_coleopterorum,0.436249959903769,0.016934823529411763,-4.687090132222099,7.013687733270247e-16,0.04971932638331997,0.2235294117647059,1.0339366234101343e-15,True
s__Carnobacterium_inhibens,0.4510035364875702,0.04739782352941176,-3.250246025171687,1.0352469349229839e-15,0.08420208500400962,0.3,1.523319154702512e-15,True
s__Aerococcus_viridans,0.06733459502806736,0.02293888235294118,-1.5535528151276725,2.1477743734835784e-15,0.03769045709703288,0.18823529411764706,3.1545436110540057e-15,True
s__Thauera_aminoaromatica,0.10096595028067362,0.01964376470588235,-2.361725482966548,2.8584624850892934e-15,0.06094627105052125,0.23529411764705882,4.1906633496997165e-15,True
s__Janibacter_indicus,0.0025630392943063354,0.004494470588235294,0.8102955669636108,3.047984955118733e-15,0.020850040096230954,0.1411764705882353,4.4603296321242996e-15,True
s__Chryseobacterium_sp_VAUSW3,0.014225276663993584,0.0703704705882353,2.306513441252019,1.219841375553657e-14,0.13311948676824378,0.36470588235294116,1.7818158301048848e-14,True
s__Cutibacterium_acnes,3.79865629510826,1.3499342352941177,-1.4926000565969602,1.6304354830221084e-14,0.24699278267842822,0.6,2.3772225382019427e-14,True
s__Kytococcus_sedentarius,0.02397271050521251,0.005231,-2.1962343416815444,7.991816067657397e-14,0.0272654370489174,0.15294117647058825,1.1631076572055117e-13,True
s__Acinetobacter_lwoffii,0.2889138732959102,0.08268082352941176,-1.8050148171111335,6.519027938470627e-13,0.15637530072173217,0.3941176470588235,9.47036967788733e-13,True
s__Pseudomonas_oryzihabitans,1.0638364955894146,0.1637424705882353,-2.699775961273191,1.5916487520608392e-12,0.13552526062550121,0.37058823529411766,2.3080351232243384e-12,True
s__Acinetobacter_johnsonii,1.561198492381716,0.3673860588235294,-2.0872851876685705,1.9414305529782893e-12,0.2285485164394547,0.5882352941176471,2.810150383749372e-12,True
s__Acinetobacter_pseudolwoffii,0.010449599037690459,0.002759,-1.9212301853258429,4.677940282987889e-12,0.015236567762630313,0.10588235294117647,6.758904676505105e-12,True
s__Dietzia_cinnamea,0.0009227666399358461,0.0018047647058823527,0.9677729298181246,4.710730244230849e-12,0.016840417000801924,0.11176470588235295,6.793995424441243e-12,True
s__Pseudomonas_atacamensis,0.2610439374498797,0.009719470588235293,-4.747271095516338,9.416214362241327e-12,0.046511627906976744,0.18235294117647058,1.3555955451226702e-11,True
s__Pantoea_agglomerans,0.7874194787489976,0.04331929411764707,-4.184050758666479,1.4183951322793627e-11,0.1090617481956696,0.3176470588235294,2.0383052350561343e-11,True
s__Romboutsia_timonensis,0.0004503127506014434,0.018857647058823528,5.388078225525399,1.795924708297986e-11,0.03127506014434643,0.1411764705882353,2.5762007934112944e-11,True
s__Enterococcus_cecorum,0.001034851643945469,0.01318770588235294,3.6716976251434716,1.8208723910241156e-11,0.046511627906976744,0.17647058823529413,2.6073065240649968e-11,True
s__Frigoribacterium_sp_9N,0.035566744186046516,0.0035194705882352936,-3.3370985430384614,2.3514090297310982e-11,0.01603849238171612,0.10588235294117647,3.360958523712249e-11,True
s__Brevundimonas_diminuta,0.03733172413793103,0.4339287647058824,3.538984175520304,4.7376121354802986e-11,0.04891740176423416,0.17647058823529413,6.759557314729926e-11,True
s__Comamonas_denitrificans,0.6389368724939857,0.0,-32.57302625292923,1.227880719504019e-10,0.2028869286287089,0.0,1.7487998126269364e-10,True
s__Trichococcus_flocculiformis,1.1363213632718525,0.15289164705882352,-2.8937894055096107,4.788457826525306e-10,0.1764234161988773,0.4647058823529412,6.80778968575395e-10,True
s__GGB44538_SGB61976,0.02507673616680032,0.002110764705882353,-3.5705118548405466,8.981326555246157e-10,0.019246190858059342,0.10588235294117647,1.2746145502027852e-09,True
s__Rhodococcus_corynebacterioides,0.011543993584603047,0.001630058823529412,-2.8241463944907057,1.2847366560564992e-09,0.024057738572574178,0.11764705882352941,1.8200435960800407e-09,True
s__Diaphorobacter_nitroreducens,0.19956740176423418,0.1420910588235294,-0.4900603084687063,1.56923231377012e-09,0.21331194867682438,0.01764705882352941,2.219144457880223e-09,True
s__Epilithonimonas_hominis,0.053477072975140344,0.0,-28.994345264628596,1.898216211372731e-09,0.18043303929430635,0.0,2.679637372591541e-09,True
s__Acidovorax_caeni,0.07812267040898156,0.0001454705882352941,-9.068868971149678,2.0896969852671124e-09,0.19005613472333602,0.0058823529411764705,2.944740548903744e-09,True
s__Azonexus_hydrophilus,0.02854437048917402,0.0,-28.088631009980297,3.370013356509447e-09,0.1756214915797915,0.0,4.7405645631180425e-09,True
s__Megamonas_funiformis,0.17572145950280674,0.041524882352941175,-2.081242398733895,3.557809137252108e-09,0.13712910986367283,0.31176470588235294,4.995939368478795e-09,True
s__Stenotrophomonas_acidaminiphila,0.0006261668003207698,0.04411135294117648,6.138458954627327,3.5982194374900457e-09,0.030473135525260625,0.12352941176470589,5.0438198781658704e-09,True
s__Dialister_invisus,0.27468117080994386,0.0,-31.355110872642186,4.9290608253561416e-09,0.1724137931034483,0.0,6.897232223221641e-09,True
s__Acetoanaerobium_noterae,0.09942756214915797,2.1058823529411762e-05,-12.204998428538783,5.921934049042145e-09,0.17963111467522053,0.0058823529411764705,8.272072211861318e-09,True
s__Uruburuella_suis,0.46245955894145946,0.00017011764705882353,-11.408577841667377,6.643048914817588e-09,0.17882919005613473,0.0058823529411764705,9.263169429213355e-09,True
s__Phocaeicola_dorei,0.10001329591018444,0.0010361764705882352,-6.592778130200705,1.033487294604807e-08,0.19246190858059342,0.01764705882352941,1.4385999100857853e-08,True
s__Akkermansia_muciniphila,0.08926648757016839,0.004356588235294117,-4.356847960933011,1.7597221686036333e-08,0.17321571772253408,0.0058823529411764705,2.4452487177640053e-08,True
s__Alistipes_putredinis,0.09164467522052927,0.03785988235294118,-1.275381128888253,1.9165857312138204e-08,0.19005613472333602,0.01764705882352941,2.6585972209025042e-08,True
s__Macellibacteroides_fermentans,0.157633656776263,0.00041329411764705885,-8.575190707600369,2.059202218589935e-08,0.2012830793905373,0.029411764705882353,2.8514775955864093e-08,True
s__Acidovorax_temperans,0.7641987890938252,0.014655705882352939,-5.704413600765891,2.3445695310811126e-08,0.29591018444266237,0.11764705882352941,3.2368279591629335e-08,True
s__Acinetobacter_parvus,0.203977562149158,0.0008997647058823528,-7.824646810286244,2.345586218216944e-08,0.20048115477145148,0.029411764705882353,3.2368279591629335e-08,True
s__Bacteroides_ovatus,0.06478177225340818,0.002000470588235294,-5.017176544162264,2.395095546305113e-08,0.17882919005613473,0.011764705882352941,3.299450588789285e-08,True
s__Denitrificimonas_caeni,0.026960809943865273,0.05944294117647059,1.1406416598756501,3.651365081257615e-08,0.1339214113873296,0.3,5.021412564414517e-08,True
s__GGB9758_SGB15368,0.09136673616680031,0.0010300588235294117,-6.470870248464217,4.971735155788264e-08,0.1619887730553328,0.0058823529411764705,6.825457713874266e-08,True
s__Phascolarctobacterium_faecium,0.035641732157177225,7.311764705882353e-05,-8.9291301229693,5.290334213535959e-08,0.161186848436247,0.0058823529411764705,7.250389428156485e-08,True
s__Sebaldella_termitidis,0.02192922213311949,0.0,-27.708279403745163,5.572393173066656e-08,0.15156375300721733,0.0,7.623873536438798e-08,True
s__GGB51647_SGB4348,0.1504275701684042,0.00012276470588235293,-10.258956262826395,5.68350080983589e-08,0.16920609462710506,0.011764705882352941,7.762593413775856e-08,True
s__GGB4684_SGB6478,0.04297613472333601,0.0,-28.678960494960073,7.334862440387782e-08,0.1491579791499599,0.0,9.983910777992319e-08,True
s__GGB2734_SGB3677,0.031000890136327185,0.0,-28.207734404311104,7.334863112242166e-08,0.1491579791499599,0.0,9.983910777992319e-08,True
s__Paralysiella_testudinis,0.013383207698476342,0.0,-26.995848713664664,8.036697535776816e-08,0.1483560545308741,0.0,1.0920614508649108e-07,True
s__Alistipes_onderdonkii,0.047699117882919,0.0021476470588235293,-4.473133694521533,8.100479620587058e-08,0.16840417000801924,0.011764705882352941,1.09885962934619e-07,True
s__Lachnospiraceae_bacterium_CLA_AA_H244,0.0345681555733761,0.0,-28.364868392150928,9.645016199760407e-08,0.1467522052927025,0.0,1.30616405823874e-07,True
s__Pseudomonas_alcaligenes,0.04959910986367282,0.00035652941176470584,-7.120148921196702,1.0247672375207158e-07,0.15637530072173217,0.0058823529411764705,1.385429818577076e-07,True
s__Bacteroides_caccae,0.031882325581395345,0.0007596470588235294,-5.391283590830629,1.0456006421925142e-07,0.16519647153167602,0.011764705882352941,1.411207623499694e-07,True
s__GGB4599_SGB6362,0.03444829991980754,0.0,-28.359857548602996,1.056435422892774e-07,0.14595028067361668,0.0,1.4234264804238218e-07,True
s__Bacteroides_xylanisolvens,0.03041249398556535,0.000708,-5.424770760293261,1.2249627359797492e-07,0.15557337610264635,0.0058823529411764705,1.6477192357707402e-07,True
s__GGB3256_SGB4303,0.06250218123496393,0.001938470588235294,-5.010915715650489,1.248988483386972e-07,0.15477145148356056,0.0058823529411764705,1.677213106262505e-07,True
s__Parabacteroides_distasonis,0.049535517241379314,0.005953117647058823,-3.056745984584059,1.2664884695699893e-07,0.18524458700882118,0.023529411764705882,1.6957062964611113e-07,True
s__Budvicia_aquatica,0.012591828388131516,0.0,-26.90791255440515,1.2670045794584274e-07,0.14434643143544507,0.0,1.6957062964611113e-07,True
s__GGB1627_SGB2230,0.024557794707297513,7.3529411764705884e-06,-11.705552333842483,1.3315067006887865e-07,0.15316760224538895,0.0058823529411764705,1.7790532673082616e-07,True
s__Pseudomonas_fluvialis,0.023546495589414594,0.0004008823529411765,-5.8761892857452995,1.3558579515188013e-07,0.15477145148356056,0.0058823529411764705,1.8085651139624745e-07,True
s__Moraxella_osloensis,0.707102646351243,0.47550117647058826,-0.5724707479835561,1.416942895635661e-07,0.2814755412991179,0.5588235294117647,1.8868956226881554e-07,True
s__Acinetobacter_portensis,0.026410705693664792,0.0,-27.97654761537158,1.518873252857547e-07,0.14274258219727345,0.0,2.0159133539188894e-07,True
s__Dechloromonas_agitata,0.4094220689655172,0.0,-31.930941723991104,1.518873390562167e-07,0.14274258219727345,0.0,2.0159133539188894e-07,True
s__Acinetobacter_celticus,0.03575789093825181,0.0,-28.41368640953573,1.6627292355442548e-07,0.14194065757818766,0.0,2.1995375152315554e-07,True
s__Simplicispira_sp_110,0.01921432237369687,0.0,-27.517606864769935,1.6627292355442548e-07,0.14194065757818766,0.0,2.1995375152315554e-07,True
s__Parabacteroides_merdae,0.020269783480352847,0.0033088235294117647,-2.6149403866105336,1.7070592830622687e-07,0.15396952686447474,0.0058823529411764705,2.2544468878789303e-07,True
s__Barnesiella_intestinihominis,0.044202381716118684,0.0006977647058823529,-5.985239467969543,1.732153881480056e-07,0.16038492381716118,0.011764705882352941,2.283813450994331e-07,True
s__Pseudoxanthomonas_mexicana,0.07453629510825982,0.0024152941176470584,-4.947672266437819,1.7926012799467864e-07,0.17802726543704891,0.023529411764705882,2.3596184887602674e-07,True
s__GGB4962_SGB6925,0.01320898957497995,0.0,-26.976944881502067,1.8200107175834313e-07,0.14113873295910184,0.0,2.3917575055084897e-07,True
s__GGB9635_SGB15106,0.026487706495589413,0.0,-27.98074769429738,1.991952194095091e-07,0.14033680834001605,0.0,2.609131060375071e-07,True
s__Simplicispira_metamorpha,0.06341303929430633,0.0,-29.240204286139623,1.9919523740034964e-07,0.14033680834001605,0.0,2.609131060375071e-07,True
s__Perlucidibaca_piscinae,4.129906696070569,0.02943835294117647,-7.132268417479466,2.0512875794369182e-07,0.07698476343223737,0.21764705882352942,2.6824529884944315e-07,True
s__GGB4713_SGB6526,0.05062487570168404,5.182352941176471e-05,-9.932020691537469,2.101486999236617e-07,0.1491579791499599,0.0058823529411764705,2.743608026781139e-07,True
s__Acinetobacter_towneri,0.035747818765036084,0.0018848823529411763,-4.245308758754905,2.4696123866017105e-07,0.16840417000801924,0.01764705882352941,3.2189564386537795e-07,True
s__Flavobacterium_sp_HXWNR29,0.05316872493985565,0.0005648235294117646,-6.55663361642793,2.605756080617403e-07,0.15637530072173217,0.011764705882352941,3.390644087533435e-07,True
s__Bacteroides_eggerthii,0.013876447473937448,0.0,-27.04806303858377,2.6098199171878133e-07,0.13793103448275862,0.0,3.390644087533435e-07,True
s__Candidatus_Cibionibacter_quicibialis,0.09071995188452285,0.0006266470588235293,-7.177622721536284,2.760207750819869e-07,0.18043303929430635,0.029411764705882353,3.580204533936811e-07,True
s__Diaphorobacter_SGB61891,0.031057914995990376,2.8647058823529413e-05,-10.082353208124552,2.775779269538218e-07,0.1467522052927025,0.0058823529411764705,3.5945666715738025e-07,True
s__Aeromonas_media,0.08126397754611067,7.929411764705883e-05,-10.00118460241105,2.8370415034820196e-07,0.1467522052927025,0.0058823529411764705,3.6679549535309605e-07,True
s__Cloacibacterium_rupense,0.003403127506014435,3e-06,-10.14763494351086,3.0301634153753964e-07,0.14595028067361668,0.0058823529411764705,3.91130948123577e-07,True
s__Gemmiger_formicilis,0.03402721732157177,0.0009344117647058823,-5.186486776426856,3.4618866165620444e-07,0.15477145148356056,0.011764705882352941,4.4613667848920543e-07,True
s__GGB47687_SGB2286,0.0126726303127506,0.0,-26.917140769730604,3.7359163922232213e-07,0.1347233360064154,0.0,4.806758771958702e-07,True
s__Dysgonomonas_sp_HDW5A,0.004305902165196471,0.0,-25.359812237985942,4.4669602519749847e-07,0.13311948676824378,0.0,5.738104889594875e-07,True
s__Alistipes_finegoldii,0.011218620689655174,0.0,-26.741320081905588,4.883716599516421e-07,0.132317562149158,0.0,6.243343857683538e-07,True
s__Arcobacter_suis,0.03714633520449078,0.0,-28.46864464687954,4.88371703510915e-07,0.132317562149158,0.0,6.243343857683538e-07,True
s__Prevotella_paludivivens,0.005155581395348838,0.0,-25.619631821803676,4.88371703510915e-07,0.132317562149158,0.0,6.243343857683538e-07,True
s__GGB3277_SGB4327,0.018998155573376103,0.0,-27.50128412870648,5.338792197235428e-07,0.13151563753007217,0.0,6.814209210209437e-07,True
s__Dialister_hominis,0.036194330392943064,0.0017394117647058826,-4.379092245023866,5.364153678844952e-07,0.14354450681635927,0.0058823529411764705,6.835659951191574e-07,True
s__Anaerostipes_hadrus,0.03823697674418605,0.0003504705882352941,-6.769530863964615,6.09273144207302e-07,0.1491579791499599,0.011764705882352941,7.751739525822203e-07,True
s__GGB57993_SGB79614,0.007938740978348034,0.0,-26.242406907848565,6.378098621285061e-07,0.12991178829190056,0.0,8.08904960517693e-07,True
s__Proteiniclasticum_ruminis,0.025794186046511625,0.0,-27.942470686655014,6.37809918806191e-07,0.12991178829190056,0.0,8.08904960517693e-07,True
s__Streptococcus_suis,0.6929304490777866,0.003426117647058824,-7.659992009124696,6.927382210485787e-07,0.18043303929430635,0.03529411764705882,8.771756554957439e-07,True
s__GGB26696_SGB38877,0.005953728949478748,0.0,-25.827290231123733,6.97023067851308e-07,0.12910986367281477,0.0,8.784251262949552e-07,True
s__Thauera_phenylacetica,0.005389214113873296,0.0,-25.683571597228035,6.970231915782248e-07,0.12910986367281477,0.0,8.784251262949552e-07,True
s__GGB4552_SGB6276,0.012608267842822775,0.0,-26.909794858561202,6.970231915782248e-07,0.12910986367281477,0.0,8.784251262949552e-07,True
s__GGB9345_SGB14311,0.01814081796311147,0.0,-27.434664274997452,7.616544169061682e-07,0.12830793905372895,0.0,9.58365163949651e-07,True
s__GGB9715_SGB15265,0.02024979951884523,0.00020147058823529414,-6.651193863914157,7.712685440341101e-07,0.13793103448275862,0.0058823529411764705,9.689364256026005e-07,True
s__GGB4569_SGB6310,0.017039470729751403,0.0,-27.344305291661023,8.321921920470406e-07,0.12750601443464316,0.0,1.0438329065079832e-06,True
s__Lachnospira_eligens,0.02054700882117081,0.001978235294117647,-3.376642381969443,9.897657271185909e-07,0.13793103448275862,0.0058823529411764705,1.2395341943068245e-06,True
s__Tepidiphilus_succinatimandens,0.008923079390537289,0.0,-26.411038356308392,9.931625813681296e-07,0.12590216519647154,0.0,1.239901629195962e-06,True
s__GGB4682_SGB6472,0.017666720128307938,0.0,-27.396458991996813,9.93162756802773e-07,0.12590216519647154,0.0,1.239901629195962e-06,True
s__Faecalibacterium_SGB15346,0.03881759422614275,0.0013225882352941175,-4.8752747236706195,1.0553180092358958e-06,0.14514835605453089,0.011764705882352941,1.3154431971598764e-06,True
s__Vitreoscilla_massiliensis,0.0031287730553327983,0.0,-24.89909372721989,1.0848053718223433e-06,0.12510024057738572,0.0,1.3479931081593255e-06,True
s__GGB4567_SGB6308,0.012396559743384123,0.0,-26.885364574430575,1.0848054675174548e-06,0.12510024057738572,0.0,1.3479931081593255e-06,True
s__Bacteroides_cellulosilyticus,0.038809759422614276,4.811764705882353e-05,-9.655634683357377,1.2219890579141983e-06,0.1339214113873296,0.0058823529411764705,1.5161013311699447e-06,True
s__Thauera_terpenica,0.17701934242181236,0.0004748235294117646,-8.542299561839998,1.2359071564268513e-06,0.1748195669607057,0.03529411764705882,1.530991965868301e-06,True
s__Dorea_longicatena,0.020137425821972733,0.00023770588235294117,-6.404557259500401,1.2487953702593934e-06,0.14274258219727345,0.011764705882352941,1.544562694794513e-06,True
s__GGB4694_SGB6493,0.015205124298315957,0.0,-27.17998237869677,1.2938432275128357e-06,0.12349639133921411,0.0,1.5978063968821572e-06,True
s__GGB4585_SGB6340,0.011492566158781073,0.0,-26.776125742933782,1.5425351529894519e-06,0.1218925421010425,0.0,1.899053459843262e-06,True
s__GGB9708_SGB15234,0.01012813151563753,0.0,-26.593792817002456,1.5425352884083566e-06,0.1218925421010425,0.0,1.899053459843262e-06,True
s__Bifidobacterium_catenulatum,0.0054770088211708095,0.0,-25.706884894499186,1.684015525101508e-06,0.1210906174819567,0.0,2.070043699317084e-06,True
s__Corynebacterium_afermentans,0.05673601443464314,0.016211235294117648,-1.8072707738126308,1.7480608572995175e-06,0.028869286287089013,0.10588235294117647,2.1454694700189164e-06,True
s__Coprococcus_comes,0.01019797113071371,0.0002836470588235294,-5.168040949701678,1.8271704869237734e-06,0.13071371291098638,0.0058823529411764705,2.239124569098305e-06,True
s__GGB4651_SGB6438,0.009681210906174818,0.0,-26.528684187261682,1.838287939092928e-06,0.12028869286287089,0.0,2.242430827438922e-06,True
s__GGB4571_SGB6317,0.01100467522052927,0.0,-26.713541340005587,1.8382881000907309e-06,0.12028869286287089,0.0,2.242430827438922e-06,True
s__GGB3278_SGB4328,0.012836375300721731,0.0,-26.935662646168442,1.8382881000907309e-06,0.12028869286287089,0.0,2.242430827438922e-06,True
s__Blautia_faecis,0.010184787489975942,3.976470588235294e-05,-8.000708048765981,1.86964814034409e-06,0.12991178829190056,0.0058823529411764705,2.277208634352024e-06,True
s__Bacteroides_graminisolvens,0.11854260625501203,0.0010161764705882354,-6.866110766551716,1.9472465463878422e-06,0.1724137931034483,0.03529411764705882,2.3681126188187e-06,True
s__Anaerobutyricum_hallii,0.013150529270248597,0.0002622941176470588,-5.6477910623588965,1.979698590777105e-06,0.12991178829190056,0.0058823529411764705,2.403919717372199e-06,True
s__Tessaracoccus_defluvii,0.004194843624699278,0.0,-25.322113729512886,2.006492526489709e-06,0.11948676824378508,0.0,2.4327580101142298e-06,True
s__GGB39817_SGB99175,0.018428444266238974,0.0,-27.45735905036942,2.1898705575481542e-06,0.11868484362469928,0.0,2.6510705689105688e-06,True
s__Simiaoa_sunii,0.026168203688853246,0.00024923529411764706,-6.714162128370776,2.359400847722963e-06,0.13712910986367283,0.011764705882352941,2.8519837781099053e-06,True
s__Succinispira_mobilis,0.0034901603849238167,0.0,-25.056790040325694,2.389770424645512e-06,0.11788291900561347,0.0,2.8843301650933e-06,True
s__Faecalibacillus_intestinalis,0.01204214915797915,1.7999999999999997e-05,-9.385872267472694,2.4327374568943143e-06,0.12750601443464316,0.0058823529411764705,2.931760524975199e-06,True
s__Pseudomonas_chengduensis,0.10829132317562146,0.005601705882352942,-4.272907580550334,2.439926707586551e-06,0.19005613472333602,0.047058823529411764,2.935996143616949e-06,True
s__Oscillibacter_sp_ER4,0.018386776263031274,0.004678352941176471,-1.974595922760676,2.4548108249180614e-06,0.12991178829190056,0.0058823529411764705,2.9494644347511745e-06,True
s__GGB4689_SGB6487,0.009830681635926224,0.0,-26.55078813194078,2.607660978175322e-06,0.11708099438652766,0.0,3.1284100924355593e-06,True
s__GGB9602_SGB15031,0.012789366479550921,2.5352941176470585e-05,-8.978570284740922,2.6348804099856824e-06,0.12670408981555734,0.0058823529411764705,3.156326008363659e-06,True
s__Blautia_massiliensis,0.010437890938251806,4.858823529411765e-05,-7.747004526929028,3.0260190817782712e-06,0.1347233360064154,0.011764705882352941,3.6194449795521535e-06,True
s__Arcobacter_caeni,0.05279651964715316,0.0,-28.975867591921162,3.103937967746292e-06,0.11547714514835605,0.0,3.7070948224653024e-06,True
s__GGB41936_SGB59041,0.01815248596631916,7.176470588235294e-06,-11.304584925712005,3.436558504316095e-06,0.12429831595829992,0.0058823529411764705,4.098224246191881e-06,True
s__Methanobrevibacter_smithii,0.01621574979951885,0.0001294705882352941,-6.9686264195665695,3.5610352320771886e-06,0.12429831595829992,0.0058823529411764705,4.240338525230513e-06,True
s__Acinetobacter_bohemicus,0.08947702485966318,9.223529411764705e-05,-9.921981101264016,3.613570479327678e-06,0.13311948676824378,0.011764705882352941,4.296492281224427e-06,True
s__Odoribacter_splanchnicus,0.011345621491579791,0.001167235294117647,-3.280968210948772,3.671382773841303e-06,0.12590216519647154,0.0058823529411764705,4.358744184694207e-06,True
s__Bacteroides_fragilis,0.019955461106655976,0.008919176470588234,-1.161801192500136,3.7260974937746145e-06,0.14434643143544507,0.01764705882352941,4.417139313836672e-06,True
s__Klebsiella_pneumoniae,0.2984988452285485,0.029768764705882352,-3.3258540845346105,3.866930725362824e-06,0.14595028067361668,0.01764705882352941,4.577300221577624e-06,True
s__GGB33469_SGB15236,0.008363231756214916,0.0,-26.317557223972532,4.027996179035951e-06,0.11307137129109864,0.0,4.753868871422019e-06,True
s__GGB1627_SGB2227,0.006464683239775461,0.0,-25.946076368303643,4.02799652810101e-06,0.11307137129109864,0.0,4.753868871422019e-06,True
s__Bacteroides_thetaiotaomicron,0.011601355252606254,0.004011058823529411,-1.5322382960677778,4.086462301021639e-06,0.13552526062550121,0.011764705882352941,4.815757195451755e-06,True
s__GGB4683_SGB6473,0.009842654370489173,0.0,-26.552544113410427,4.392690862820064e-06,0.11226944667201283,0.0,5.161412210584305e-06,True
s__GGB9760_SGB15374,0.0055672734562951095,0.0,-25.730467638130953,4.392691243050472e-06,0.11226944667201283,0.0,5.161412210584305e-06,True
s__GGB9708_SGB15233,0.006480986367281477,0.0,-25.949710085830606,4.789946690230576e-06,0.11146752205292702,0.0,5.611682897936133e-06,True
s__Acidovorax_facilis,0.005968011226944667,0.0,-25.830746937960082,4.789947104371017e-06,0.11146752205292702,0.0,5.611682897936133e-06,True
s__Bifidobacterium_bifidum,0.009695966319165998,0.015562235294117646,0.6825926998064451,4.832009124123439e-06,0.13311948676824378,0.011764705882352941,5.652672459992134e-06,True
s__Clostridiaceae_bacterium,0.009315204490777867,0.0001836470588235294,-5.664578973926031,4.947426522312199e-06,0.13071371291098638,0.011764705882352941,5.779230689075214e-06,True
s__GGB9747_SGB15356,0.0064619887730553325,0.00023623529411764707,-4.77368122767775,4.962855362724922e-06,0.1218925421010425,0.0058823529411764705,5.7887904157915515e-06,True
s__Streptococcus_thermophilus,0.998561475541299,0.033005,-4.919094741219211,4.995964482054878e-06,0.18283881315156375,0.047058823529411764,5.818914899652839e-06,True
s__Faecalibacterium_sp_HTFF,0.012535004009623095,0.0,-26.90138722826093,5.2226317207494036e-06,0.11066559743384122,0.0,6.074065130827909e-06,True
s__GGB4549_SGB6271,0.005931555733761027,0.0,-25.821907234286325,5.6938609492957716e-06,0.10986367281475541,0.0,6.612492585010642e-06,True
s__GGB4693_SGB6491,0.0126885084202085,5.676470588235294e-05,-7.804310043637946,5.892234206034202e-06,0.11948676824378508,0.0058823529411764705,6.832939231671013e-06,True
s__Alistipes_shahii,0.01096540497193264,0.0020031764705882352,-2.4525976088021477,6.162665699740541e-06,0.13071371291098638,0.011764705882352941,7.136188252308249e-06,True
s__Sphaerotilus_natans,0.03912466720128308,0.004858235294117647,-3.0095741849622297,6.2028593581596374e-06,0.132317562149158,0.011764705882352941,7.156440311070998e-06,True
s__Granulicatella_sp_s8,0.003970344827586207,0.0,-25.242761012562546,6.207024666138287e-06,0.1090617481956696,0.0,7.156440311070998e-06,True
s__GGB4596_SGB6358,0.008087064955894145,0.0,-26.26911288138427,6.20702520096646e-06,0.1090617481956696,0.0,7.156440311070998e-06,True
s__Phascolarctobacterium_succinatutens,0.012376014434643144,9.711764705882353e-05,-6.993596126605509,6.222304194363794e-06,0.12830793905372895,0.011764705882352941,7.163719094087424e-06,True
s__GGB4266_SGB5809,0.012196311146752204,6.711764705882353e-05,-7.505534868150452,6.4896825736308855e-06,0.11868484362469928,0.0058823529411764705,7.460800541483565e-06,True
s__Brotolimicola_acetigignens,0.01723048115477145,0.00046676470588235294,-5.2061234012134765,6.638872723022383e-06,0.12830793905372895,0.011764705882352941,7.621349577147822e-06,True
s__Flavobacterium_sp_9R,0.02404073777064956,0.0007811176470588236,-4.943797327298803,6.656261165553706e-06,0.15477145148356056,0.029411764705882353,7.630348165390833e-06,True
s__Pseudoxanthomonas_kaohsiungensis,0.004340665597433842,6.847058823529412e-05,-5.9862859916277,6.782839872776625e-06,0.11868484362469928,0.0058823529411764705,7.764310971846022e-06,True
s__Thiothrix_unzii,0.021274041700080196,6.841176470588235e-05,-8.280631883719403,6.9050381359502625e-06,0.12750601443464316,0.011764705882352941,7.892883362838712e-06,True
s__Faecalibacterium_prausnitzii,0.2872804811547715,0.0406425294117647,-2.821397874390132,7.122915596628502e-06,0.17000801924619086,0.041176470588235294,8.130299373865962e-06,True
s__GGB4559_SGB6293,0.004702221331194867,0.0,-25.48683914241235,8.036546645059409e-06,0.10665597433841219,0.0,9.160058158919355e-06,True
s__GGB3304_SGB4367,0.025541700080192464,0.0003001764705882353,-6.410899374858106,8.097521992452772e-06,0.12590216519647154,0.011764705882352941,9.21641035893129e-06,True
s__GGB1495_SGB2071,0.008371996792301524,0.0005067647058823529,-4.046183536175831,8.24285132796175e-06,0.11788291900561347,0.0058823529411764705,9.368475406886825e-06,True
s__Flavobacterium_cheniae,0.013254779470729752,0.0002471176470588235,-5.745170244641722,8.616627423418413e-06,0.14274258219727345,0.023529411764705882,9.779382544476296e-06,True
s__Mediterraneibacter_faecis,0.012882951082598236,0.00022329411764705886,-5.850373416662787,8.783600662844178e-06,0.14274258219727345,0.023529411764705882,9.954747417890067e-06,True
s__Roseburia_inulinivorans,0.007017008821170809,0.00026023529411764706,-4.752967097899667,9.29660570364471e-06,0.11627906976744186,0.0058823529411764705,1.0521229401150316e-05,True
s__Epilithonimonas_xixisoli,0.004066816359262229,0.0,-25.277396545769555,9.542436607528417e-06,0.10505212510024058,0.0,1.0753747319344437e-05,True
s__Blautia_sp_MCC283,0.0031121491579791495,0.0,-24.891407917524898,9.542436607528417e-06,0.10505212510024058,0.0,1.0753747319344437e-05,True
s__GGB9347_SGB14313,0.007267514033680834,0.0,-26.11495863629323,9.542436607528417e-06,0.10505212510024058,0.0,1.0753747319344437e-05,True
s__Coprococcus_eutactus,0.010089895749799519,0.0,-26.588336041793593,1.039667845016222e-05,0.10425020048115477,0.0,1.1699924058703683e-05,True
s__Alistipes_communis,0.007133135525260626,0.0036951176470588236,-0.9489160669664526,1.0639152106147328e-05,0.11627906976744186,0.0058823529411764705,1.1955952929411695e-05,True
s__Veillonella_parvula,0.0294507056936648,0.0003148823529411765,-6.547345034339438,1.0710903424065245e-05,0.11547714514835605,0.0058823529411764705,1.201967954470243e-05,True
s__Laribacter_hongkongensis,0.006451058540497194,0.0,-25.94303259530113,1.1326361160370835e-05,0.10344827586206896,0.0,1.2692514119405746e-05,True
s__Dorea_formicigenerans,0.006157177225340817,0.00012823529411764705,-5.585402699659549,1.1873919438309062e-05,0.1226944667201283,0.011764705882352941,1.3287481276202998e-05,True
s__GGB9712_SGB15244,0.004782502004811548,0.0,-25.511262267722916,1.2338061381804791e-05,0.10264635124298316,0.0,1.3749110022242324e-05,True
s__Ruminococcus_torques,0.006428660785886126,0.0,-25.93801491428548,1.2338061381804791e-05,0.10264635124298316,0.0,1.3749110022242324e-05,True
s__GGB4689_SGB6486,0.005465364875701684,0.0,-25.703814506138556,1.2338062435479033e-05,0.10264635124298316,0.0,1.3749110022242324e-05,True
s__Enterococcus_aquimarinus,0.11248696872493986,0.018761823529411765,-2.5838859123351683,1.2593443236722847e-05,0.16920609462710506,0.37058823529411766,1.401415201412473e-05,True
s__Oscillospiraceae_bacterium_CLA_AA_H250,0.007897610264635126,0.0,-26.234912857171246,1.3438924512583548e-05,0.10184442662389735,0.0,1.4934215139852927e-05,True
s__Holdemanella_biformis,0.005217666399358461,0.00014441176470588235,-5.17514355121531,1.380003299301406e-05,0.11226944667201283,0.0058823529411764705,1.5314203279747547e-05,True
s__Tolumonas_auensis,0.013224330392943065,2.9411764705882355e-06,-12.134464665216315,1.3933136857206813e-05,0.11146752205292702,0.0058823529411764705,1.5440466503340143e-05,True
s__GGB9715_SGB15260,0.0030833841218925414,0.0,-24.878011339735384,1.4636700264275484e-05,0.10104250200481155,0.0,1.6175278701025552e-05,True
s__GGB4554_SGB6285,0.0047744907778668804,0.0,-25.50884356549878,1.4636704006059415e-05,0.10104250200481155,0.0,1.6175278701025552e-05,True
s__Phocaeicola_massiliensis,0.012946118684843626,0.00031076470588235294,-5.380552708249546,1.4774938846475863e-05,0.11226944667201283,0.0058823529411764705,1.630549190377654e-05,True
s__Alistipes_SGB2313,0.007634514835605454,3.1176470588235293e-06,-11.257816894234825,1.5169546820684983e-05,0.11066559743384122,0.0058823529411764705,1.6717886772037656e-05,True
s__Blautia_obeum,0.006212285485164395,0.00012058823529411764,-5.686961888564971,1.5508302825207857e-05,0.12028869286287089,0.011764705882352941,1.7067677627191566e-05,True
s__Segatella_hominis,0.00458869286287089,0.017847235294117646,1.959545430560737,1.6539361493507653e-05,0.08420208500400962,0.18235294117647058,1.817737253550566e-05,True
s__Desulfovibrio_sp_86,0.0023968885324779474,6.605882352941176e-05,-5.181265607629977,1.6700416802869348e-05,0.12028869286287089,0.011764705882352941,1.832916624380853e-05,True
s__Ruminococcus_gnavus,0.03853446672012831,0.00808829411764706,-2.2522420469327913,1.8664529287509996e-05,0.08259823576583801,0.18235294117647058,2.045673374584429e-05,True
s__Flavobacterium_sasangense,0.002400449077786688,0.00014976470588235293,-4.002533850342173,1.9702997179270094e-05,0.10986367281475541,0.0058823529411764705,2.1565335268817538e-05,True
s__Bilophila_wadsworthia,0.004511940657578187,0.0017303529411764704,-1.3826817064040111,2.101169694379965e-05,0.10986367281475541,0.0058823529411764705,2.2966273403687988e-05,True
s__Schaalia_sp_JY_X169,0.02093392141138733,0.00018947058823529412,-6.787724108188953,2.3348708997315766e-05,0.15637530072173217,0.041176470588235294,2.5485817607725817e-05,True
s__Lactococcus_chungangensis,0.03388469927826784,0.0002633529411764706,-7.007492042138176,2.4360930799400284e-05,0.13311948676824378,0.023529411764705882,2.6554411608077527e-05,True
s__Zoogloea_ramigera,0.007129470729751403,0.00019411764705882349,-5.198791073155841,2.510131260746335e-05,0.1339214113873296,0.023529411764705882,2.7324180890140623e-05,True
s__Ruminococcus_bovis,0.0038692702485966326,0.00012511764705882354,-4.9507031892850675,2.7660271521811334e-05,0.10585404971932638,0.0058823529411764705,3.0068784960445247e-05,True
s__Catenibacterium_tridentinum,0.027139478748997595,0.0003742352941176471,-6.180303196152467,2.8126045897507652e-05,0.14033680834001605,0.029411764705882353,3.053357428275627e-05,True
s__Oliverpabstia_intestinalis,0.004341387329591018,0.00013794117647058824,-4.976030048462425,3.0303952811979795e-05,0.10505212510024058,0.0058823529411764705,3.2853267702539835e-05,True
s__Fluviibacter_phosphoraccumulans,0.00585739374498797,0.0004881176470588235,-3.5849577914805066,3.0485906898125936e-05,0.10585404971932638,0.0058823529411764705,3.3005744731168864e-05,True
s__Aliarcobacter_cryaerophilus,1.81849764234162,0.003042411764705883,-9.223315869830284,3.1162739759694986e-05,0.1996792301523657,0.08235294117647059,3.369286748037387e-05,True
s__Parasutterella_excrementihominis,0.003755709703287891,0.002883764705882353,-0.3811320868945938,3.205493506131299e-05,0.10585404971932638,0.0058823529411764705,3.461066637025551e-05,True
s__Sanguibacter_inulinus,0.0304657016840417,0.003597176470588235,-3.082249091246865,3.242732753145254e-05,0.044105854049719326,0.12352941176470589,3.4965498917180276e-05,True
s__Roseburia_faecis,0.023050328789093827,0.0004979411764705883,-5.5326679138973045,3.368326764771921e-05,0.13151563753007217,0.023529411764705882,3.6270796294511656e-05,True
s__Oscillibacter_sp_MSJ_31,0.007805621491579792,4.017647058823529e-05,-7.602015290847728,3.638573851840704e-05,0.10264635124298316,0.0058823529411764705,3.9128136037963957e-05,True
s__Klebsiella_grimontii,0.06694480352846831,0.00012435294117647057,-9.072386474665354,3.8938079627653205e-05,0.10264635124298316,0.0058823529411764705,4.181656669690176e-05,True
s__Acinetobacter_junii,0.14665739374498798,0.16077429411764707,0.13258694870473314,4.0806927452508275e-05,0.1892542101042502,0.06470588235294118,4.376474501282431e-05,True
s__Segatella_sinensis,0.03488639133921411,0.0020644117647058823,-4.078861644084499,4.637898641523212e-05,0.15316760224538895,0.041176470588235294,4.9674008238298206e-05,True
s__Arcobacter_acticola,0.20620486768243787,0.0005495882352941177,-8.551511290717759,4.6732000968447225e-05,0.17080994386527668,0.058823529411764705,4.998509876009281e-05,True
s__Clostridiaceae_bacterium_Marseille_Q4149,0.006116936647955093,0.005332470588235294,-0.1980052276809782,4.879453869364513e-05,0.10184442662389735,0.0058823529411764705,5.212143905912093e-05,True
s__Vescimonas_coprocola,0.0048945709703287895,0.00018658823529411764,-4.71325173358744,5.121989098225781e-05,0.10024057738572574,0.0058823529411764705,5.463910933888382e-05,True
s__Methanothrix_soehngenii,0.013096567762630311,0.0001124705882352941,-6.863495913125093,5.2843494086336266e-05,0.11788291900561347,0.01764705882352941,5.6295935699976894e-05,True
s__Collinsella_aerofaciens,0.025333231756214915,0.001413823529411765,-4.163357074587433,5.330639691554358e-05,0.15878107457898957,0.047058823529411764,5.6713463562608944e-05,True
s__Acidovorax_sp_KKS102,0.08613388933440257,0.023308823529411767,-1.8857047835351102,7.160612215222577e-05,0.19165998396150763,0.07058823529411765,7.608150478673988e-05,True
s__Aeromonas_salmonicida,0.027045533279871685,0.0001084705882352941,-7.961941300293787,9.460667300285709e-05,0.10344827586206896,0.011764705882352941,0.0001003860979140542,True
s__Tessaracoccus_flavescens,0.007054194065757819,0.0011008235294117645,-2.6798979430612793,9.493086461303059e-05,0.12510024057738572,0.023529411764705882,0.00010059649976898069,True
s__Roseburia_hominis,0.006213712910986368,0.0011418235294117648,-2.4441157865783674,0.00013194334577905996,0.10184442662389735,0.011764705882352941,0.00013963275930790585,True
s__Segatella_brunsvicensis,0.016319911788291903,0.0008355882352941177,-4.28769710524205,0.00013702535736200586,0.12670408981555734,0.029411764705882353,0.00014481912768815172,True
s__Bacteroides_stercoris,0.023511724137931036,0.08077841176470589,1.78058943911175,0.00013800714286187426,0.14113873295910184,0.03529411764705882,0.00014566407813294257,True
s__Segatella_copri,0.47177855653568557,0.11087947058823529,-2.089117570904388,0.00016039366132830694,0.23656776263031276,0.4470588235294118,0.0001690693079173051,True
s__Pseudomonas_fragi,0.14154487570168403,0.003192529411764706,-5.470415755339945,0.00022849505761600002,0.06976744186046512,0.1588235294117647,0.00024053695788561795,True
s__Blautia_wexlerae,0.0487167522052927,0.0022660000000000002,-4.4261981294715405,0.0002816186985610084,0.16920609462710506,0.07058823529411765,0.00029607018440821803,True
s__Stenotrophomonas_rhizophila,1.0132963271852446,0.001677,-9.238957645754603,0.00031195131072352,0.10184442662389735,0.01764705882352941,0.00032752838011575885,True
s__Fusicatenibacter_saccharivorans,0.023629278267842824,0.001960294117647059,-3.5914334627848152,0.0004539604723429989,0.15236567762630313,0.058823529411764705,0.00047600317244364326,True
s__Bacteroides_uniformis,0.15940126704089813,0.06617835294117647,-1.2682318045672687,0.0005237524095395726,0.2028869286287089,0.10588235294117647,0.0005484641877091985,True
s__GGB1458_SGB2021,0.00043194867682437853,0.005432823529411765,3.65277006839314,0.0008199739900016078,0.05132317562149158,0.11176470588235295,0.0008575382434702678,True
s__Acidovorax_sp_210_6,0.06055413793103448,0.005469411764705882,-3.468767940394964,0.0009467632254026675,0.1491579791499599,0.058823529411764705,0.0009888415909761195,True
s__Cloacibacterium_caeni,1.774003728949479,0.04391694117647059,-5.3360876549019896,0.0009741627520900045,0.35445068163592625,0.3058823529411765,0.0010161305991121588,True
s__Delftia_acidovorans,0.06608040096230954,0.08930276470588236,0.4344823988072053,0.0011812395924786759,0.04731355252606255,0.10588235294117647,0.0012305220787359348,True
s__Stenotrophomonas_maltophilia,1.7621826383319972,0.17113805882352942,-3.3641309200757044,0.0012230272823152376,0.10104250200481155,0.19411764705882353,0.001272394268971191,True
s__Lactococcus_raffinolactis,0.6368348195669606,0.0032633529411764707,-7.60842033703228,0.0015976976916971582,0.16840417000801924,0.08823529411764706,0.001660026600345942,True
s__Acinetobacter_albensis,0.032688340016038486,0.007568823529411766,-2.1106351257274585,0.0016964858890669025,0.08740978348035285,0.17058823529411765,0.0017603795134603314,True
s__Trichococcus_shcherbakoviae,0.03536045709703288,0.0020231764705882353,-4.127442788156531,0.0017281963457989329,0.14995990376904572,0.07058823529411765,0.0017909583401988943,True
s__Segatella_brasiliensis,0.006927217321571772,0.0015708235294117647,-2.140754750494567,0.002170154043384333,0.11066559743384122,0.03529411764705882,0.002246053213295443,True
s__Micrococcus_luteus,1.6731772894947876,0.012350941176470589,-7.08182551588216,0.002330537973625633,0.23175621491579793,0.15294117647058825,0.002408926055532834,True
s__Staphylococcus_epidermidis,0.5880646271050521,0.0005280588235294117,-10.121060076033515,0.002859209961793555,0.11146752205292702,0.041176470588235294,0.0029515617047455433,True
s__Acidovorax_sp_BoFeN1,2.2621274659182036,0.008172588235294117,-8.112671443266589,0.008861642880682197,0.1724137931034483,0.11176470588235295,0.009136067950535582,True
s__Corynebacterium_tuberculostearicum,0.1482128789093825,0.010557117647058824,-3.8113829005921724,0.009193178954868502,0.06655974338412189,0.12941176470588237,0.009465657197087541,True
s__Enterobacter_hormaechei,0.12695365677626305,0.05994576470588235,-1.08257221681769,0.014520679571092324,0.12429831595829992,0.058823529411764705,0.014931818503607166,True
s__Citrobacter_freundii,0.027384971932638332,0.011063294117647058,-1.3076033791187684,0.018942996934091044,0.13552526062550121,0.07058823529411765,0.019454311761360855,True
s__Staphylococcus_hominis,0.6439961026463512,0.005455470588235294,-6.883204472361002,0.019867685434663697,0.11307137129109864,0.058823529411764705,0.020377767217325152,True
s__Aeromonas_caviae,0.10384763432237369,0.26222611764705883,1.3363430323267385,0.02227169808455752,0.10264635124298316,0.047058823529411764,0.022814213807130074,True
s__Eubacterium_rectale,0.2247250120288693,0.005307,-5.404120320761756,0.03432944877709686,0.2036888532477947,0.16470588235294117,0.035120652462100374,True
s__Micropruina_glycogenica,0.003830240577385726,0.00031894117647058825,-3.5860723240640477,0.04476716846992296,0.10986367281475541,0.06470588235294118,0.04574036778448651,True
s__Pseudomonas_putida,0.12483101042502007,0.10264400000000001,-0.28232707373655436,0.05448658007375946,0.07217321571772253,0.11764705882352941,0.05559997123746336,False
s__Bifidobacterium_pseudocatenulatum,0.007011403368083399,0.017359411764705884,1.3079429086481509,0.054699311598327006,0.11387329591018444,0.16470588235294117,0.05574585454982561,False
s__Psychrobacter_cryohalolentis,0.1102585886126704,0.08715782352941176,-0.33918896319572805,0.08615771024790471,0.0817963111467522,0.11764705882352941,0.08769428087652976,False
s__Paracoccus_SGB99481,0.0013052606255012028,0.004905294117647058,1.910001657777592,0.08794374423160983,0.07939053728949479,0.11764705882352941,0.08939828453060593,False
s__Bifidobacterium_adolescentis,0.09680218925421011,0.03805623529411765,-1.3469068228635939,0.1451233181970953,0.19406575781876503,0.17647058823529413,0.14733612609844873,False
s__Phocaeicola_vulgatus,0.14694460304731355,0.07482488235294119,-0.9736823615038435,0.17058335799826008,0.2028869286287089,0.17647058823529413,0.1729645977672713,False
s__Streptococcus_salivarius,0.011114346431435445,0.0018314705882352942,-2.6013486107934134,0.23318376352833226,0.10425020048115477,0.07647058823529412,0.2361391977935836,False
s__Ruminococcus_bromii,0.1170916519647153,0.008803000000000002,-3.733499129564227,0.2502270880038342,0.18444266238973536,0.17647058823529413,0.2530777763481817,False
s__Chryseobacterium_faecale,0.0019406655974338412,0.0008170588235294117,-1.248039588681877,0.3035404817558295,0.1218925421010425,0.1,0.3066104234170768,False
s__Phocaeicola_coprocola,0.014931972734562952,0.008881529411764707,-0.7495247356651538,0.31360706689790296,0.10024057738572574,0.07647058823529412,0.3163788465295764,False
s__Holdemanella_porci,0.012115693664795509,0.004963411764705883,-1.287472938495591,0.3324948082549203,0.13712910986367283,0.11764705882352941,0.3350105318987154,False
s__Bifidobacterium_longum,0.050680641539695266,0.02269288235294118,-1.1591949177966827,0.33378513956921496,0.1884522854851644,0.25882352941176473,0.3358870611030262,False
s__Stutzerimonas_stutzeri,1.7238602566158778,0.008466000000000001,-7.669746607269717,0.35798638488355994,0.16680032076984763,0.21764705882352942,0.3597875742414646,False
s__Lactobacillus_delbrueckii,0.004026319165998397,0.0035568823529411766,-0.17884827762110728,0.44759788280197743,0.09943865276663993,0.11764705882352941,0.44928480949595473,False
s__Chryseobacterium_manosquense,0.04877051323175621,0.0032082941176470583,-3.9261308016905545,0.47287241803186675,0.12670408981555734,0.11764705882352941,0.4740590489428626,False
s__Phocaeicola_plebeius,0.027223295910184447,0.07149905882352943,1.3930825040967039,0.7582863352931022,0.10585404971932638,0.1,0.7592365687959757,False
s__Massilia_sp_IC2_278,0.5948958139534882,0.0015541764705882353,-8.58034279848012,0.8602270891531901,0.10585404971932638,0.11176470588235295,0.8602270891531901,False
